timestamp,title,buy_venue,sell_venue,buy_price,sell_price,spread_pct,confidence,relation,bid_a,ask_a,bid_b,ask_b,volume_a,volume_b,resolution_date,market_id_a,market_id_b,trusted
2026-06-23 20:11:31,Republican Presidential Nominee 2028 - Tucker Carlson,myriad,limitless,0.00522,0.054,4.8777,1,identity,0.00522334,0.00522334,0.054,0.057,20375204.51,114925000,2100-01-01 00:01:00+00:00,0c92b5bd-457c-4e94-8c3f-f4681744bf4f,84222a4d-18be-4561-b198-d187f59892d0,False
2026-06-23 20:11:31,Republican Presidential Nominee 2028 - Ron DeSantis,myriad,kalshi,0.00746,0.043,3.5543,1,identity,0.00745699,0.00745699,0.043,0.045,20375204.51,2467605.44,2100-01-01 00:01:00+00:00,f5bee072-802a-426a-bb24-fe90a64c619f,8feeb232-fdb2-433f-a81c-b34dd910cebe,False
2026-06-23 20:11:31,Republican Presidential Nominee 2028 - Marco Rubio,myriad,opinion,0.15454,0.181,2.6459,1,identity,0.15454143,0.15454143,0.181,0.683,20375204.51,74613.84,2100-01-01 00:01:00+00:00,b367e7ee-ec13-429c-907d-b59aeea6b897,86ff7a87-632c-4243-9530-6c50ed51abfa,False
2026-06-23 20:11:31,LoL: Worlds 2026 Winning Region - LCP (Asia-Pacific),opinion,myriad,0.023,0.04799,2.4986,1,identity,0.002,0.023,0.04798632,0.04798632,222441659.79,5268112.47,2026-12-31 00:00:00+00:00,d1e15f29-094c-47ee-ab5b-150c429894a8,d6a87e01-6a26-4eb8-a3d5-1c28f47b3273,False
2026-06-23 20:11:31,Republican Presidential Nominee 2028 - Donald Trump,limitless,myriad,0.029,0.05184,2.2839,1,identity,0.019,0.029,0.0518391,0.0518391,5466658389,20375204.51,2028-11-08 00:00:00+00:00,136f7cb1-4c27-4efa-8e44-16772d98ccd8,83666797-983b-4e26-b810-9dc8e34b2e5a,False
2026-06-23 20:11:31,2026 FIFA World Cup Winner - Argentina,opinion,kalshi,0.12,0.141,2.1,1,identity,0.119,0.12,0.141,0.145,3139554.71,18408385.24,2026-07-20 00:00:00+00:00,b7d0fde9-32e0-4241-b597-263c825b762d,ec93f7e4-5a37-4027-adfd-33eca0d498bd,False
2026-06-23 20:11:31,Republican Presidential Nominee 2028 - Ron DeSantis,myriad,opinion,0.00746,0.028,2.0543,1,identity,0.00745699,0.00745699,0.028,0.874,20375204.51,6661240.12,2100-01-01 00:01:00+00:00,f5bee072-802a-426a-bb24-fe90a64c619f,f5fc4471-68a5-4e62-a273-48c485ffd1f7,False
2026-06-23 20:11:31,Republican Presidential Nominee 2028 - Ron DeSantis,myriad,polymarket,0.00746,0.024,1.6543,1,identity,0.00745699,0.00745699,0.024,0.025,20375204.51,14235763.95,2100-01-01 00:01:00+00:00,f5bee072-802a-426a-bb24-fe90a64c619f,9546e10b-9758-4101-9e84-85fffe2e643d,False
2026-06-23 20:11:31,World Cup Winner  - Will Portugal win the 2026 FIFA World Cup?,polymarket,kalshi,0.075,0.09,1.5,1,identity,0.074,0.075,0.09,0.093,53968886.35,25093367.65,2026-07-20 00:00:00+00:00,52dcc40d-d5ed-4e4d-8263-a0bbb47b2203,bcb6b6e0-1503-487a-a674-ef8196631fd8,True
2026-06-23 20:11:31,2026 FIFA World Cup Winner - France,limitless,kalshi,0.178,0.192,1.4,1,identity,0.177,0.178,0.192,0.201,15000206901,22414641.79,2026-10-14 00:00:00+00:00,3ab6db43-85ca-4ab2-a8a8-822db745df9b,5497c7f2-2c3d-4cd6-b845-45e7b37c1736,True
2026-06-23 20:11:31,2026 FIFA World Cup Winner - France,limitless,polymarket,0.178,0.192,1.4,1,identity,0.177,0.178,0.192,0.193,15000206901,59222102.77,2026-10-14 00:00:00+00:00,3ab6db43-85ca-4ab2-a8a8-822db745df9b,34442783-2665-4a51-97ae-1fbe9c8d9bb1,True
2026-06-23 20:11:31,Republican Presidential Nominee 2028 - Donald Trump Jr,myriad,polymarket,0.01376,0.026,1.2239,1,identity,0.0137607,0.0137607,0.026,0.027,20375204.51,8894193.52,2100-01-01 00:01:00+00:00,357a00cc-7816-4d58-8d5d-c1e2cafc8463,4fef1385-e4e5-4091-891a-0ef1c15762bf,False
2026-06-23 20:11:31,World Cup Winner  - Will Brazil win the 2026 FIFA World Cup?,polymarket,opinion,0.048,0.06,1.2,1,identity,0.047,0.048,0.06,0.083,43381274.87,1318461.2,2026-07-20 00:00:00+00:00,f5534629-281b-4d48-8ce1-18e33d100cd8,cc920f2d-6795-4262-8c16-1a49889badb2,False
2026-06-23 20:11:31,Panama vs Croatia Winner?,kalshi,opinion,0.64,0.65,1.0,1,identity,0.63,0.64,0.65,0.7,3835970.18,1829.1,2026-07-07 23:00:00+00:00,a16652a7-e3d3-4626-b1ec-88a9a622bd54,86b9911b-a388-4dc8-8c59-9da0ca797085,False
2026-06-23 20:11:31,2026 FIFA World Cup Winner - Netherlands,opinion,kalshi,0.054,0.062,0.8,1,identity,0.039,0.054,0.062,0.067,34175341.94,22257261.43,2026-07-20 00:00:00+00:00,9a3e0027-8362-4f8f-b6ec-d1d85bf2a7bd,9ec4c7cd-6a44-4730-82bf-749c642127bd,False
2026-06-23 20:11:31,Republican Presidential Nominee 2028 - Glenn Youngkin,myriad,polymarket,0.00506,0.013,0.7942,1,identity,0.00505783,0.00505783,0.013,0.014,20375204.51,8078237.26,2100-01-01 00:01:00+00:00,90635c56-47ad-4aa5-a9f4-6e0f6da5e9d4,f5ffc59f-a722-4675-9237-3b1a317120f7,False
2026-06-23 20:11:31,Republican Presidential Nominee 2028 - Ivanka Trump,myriad,polymarket,0.00352,0.01,0.6481,1,identity,0.00351874,0.00351874,0.01,0.011,20375204.51,7946997.58,2100-01-01 00:01:00+00:00,322e9b4b-d19d-4709-87f8-00d63bed45b8,b5c90800-84f4-4655-8530-5241268f6948,False
2026-06-23 20:11:31,2026 FIFA World Cup Winner - England,opinion,polymarket,0.121,0.127,0.6,1,identity,0.114,0.121,0.127,0.128,1341971.24,44947653.92,2026-07-20 00:00:00+00:00,6171ee39-0cc7-47a9-801f-355fcad5c032,ca031f06-41c2-463f-a7dd-7fcfb8ac5f4d,False
2026-06-23 20:11:31,Republican Presidential Nominee 2028 - Rand Paul,myriad,polymarket,0.00327,0.009,0.5726,1,identity,0.0032742,0.0032742,0.009,0.01,20375204.51,18943117.85,2100-01-01 00:01:00+00:00,79af93b0-413d-4012-beb5-4bcb3a043f6c,2d871045-5593-4fc4-8bd7-29c7b579f3ac,False
2026-06-23 20:11:31,Republican Presidential Nominee 2028 - Tom Brady,myriad,polymarket,0.0032,0.008,0.48,1,identity,0.00320036,0.00320036,0.008,0.009,20375204.51,32628240.58,2100-01-01 00:01:00+00:00,da90005c-1dad-420b-9953-10914b8951a3,ee01237b-9f83-49ca-9544-096dc77a32ff,False
2026-06-23 20:11:31,Republican Presidential Nominee 2028 - Katie Britt,myriad,polymarket,0.00328,0.008,0.4715,1,identity,0.00328462,0.00328462,0.008,0.009,20375204.51,28396288.73,2100-01-01 00:01:00+00:00,dc45ffc8-cd6e-4976-aaed-1c0e0c12bdeb,ed1e00a3-93f9-42bf-9579-e218f3e2a3b8,False
2026-06-23 20:11:31,Republican Presidential Nominee 2028 - Kim Kardashian,myriad,polymarket,0.00376,0.008,0.4242,1,identity,0.00375828,0.00375828,0.008,0.009,20375204.51,27921270.07,2100-01-01 00:01:00+00:00,94d88697-bff1-4236-8c19-bd4705e5f203,876ac5d1-6f79-4844-94f3-7ab712c081f0,False
2026-06-23 20:11:31,Republican Presidential Nominee 2028 - Nikki Haley,myriad,polymarket,0.00391,0.008,0.4094,1,identity,0.00390586,0.00390586,0.008,0.009,20375204.51,9946633.94,2100-01-01 00:01:00+00:00,66cee2f4-f1e4-4f20-bf2b-a3d381d14320,729d7246-428e-4b72-b25a-f61a270957d6,False
2026-06-23 20:11:31,Republican Presidential Nominee 2028 - Josh Hawley,myriad,polymarket,0.00393,0.008,0.4069,1,identity,0.00393095,0.00393095,0.008,0.009,20375204.51,19798210.12,2100-01-01 00:01:00+00:00,ef874195-a416-4072-bbaa-c898d2304f87,2937a08d-6e9e-4c94-9144-cfe6ad0f2b18,False
2026-06-23 20:11:31,Republican Presidential Nominee 2028 - Elon Musk,myriad,polymarket,0.00494,0.009,0.4063,1,identity,0.00493682,0.00493682,0.009,0.01,20375204.51,28355893.21,2100-01-01 00:01:00+00:00,0b082490-2549-4e6b-bec0-d2b1ef66f4f3,8ca00001-67eb-4a78-bda5-00472c883bed,False
2026-06-23 20:11:31,Republican Presidential Nominee 2028 - Byron Donalds,myriad,polymarket,0.00318,0.007,0.382,1,identity,0.00317983,0.00317983,0.007,0.008,20375204.51,43910452.07,2100-01-01 00:01:00+00:00,dd1d4f91-0e2a-43c5-87de-9cafa156fe86,4834b1e4-9acc-4a10-83f1-55fcf7cee974,False
2026-06-23 20:11:31,Republican Presidential Nominee 2028 - Matt Gaetz,myriad,polymarket,0.00319,0.007,0.3807,1,identity,0.0031934,0.0031934,0.007,0.008,20375204.51,19567719.65,2100-01-01 00:01:00+00:00,e3c94a65-324f-4a70-baeb-cddd359bfe2c,5cdcac5b-4170-43ae-84bf-6befcd238e5e,False
2026-06-23 20:11:31,Republican Presidential Nominee 2028 - Erika Kirk,myriad,polymarket,0.00321,0.007,0.3792,1,identity,0.00320809,0.00320809,0.007,0.008,20375204.51,18126807.8,2100-01-01 00:01:00+00:00,4953f578-5357-4c4d-9770-94fca0be62a8,0dbeaed5-33a2-4e38-92e7-519dfda2c9b3,False
2026-06-23 20:11:31,2026 FIFA World Cup Winner - Norway,opinion,polymarket,0.027,0.03,0.3,1,identity,0.025,0.027,0.03,0.031,35351620.77,54483733.47,2026-07-20 00:00:00+00:00,9e10c052-4664-4074-b71c-5e026b875167,98d60821-b0a9-4a3e-b083-4f1f702653d5,False
2026-06-23 20:11:31,Republican Presidential Nominee 2028 - John Thune,myriad,polymarket,0.00322,0.006,0.2785,1,identity,0.00321515,0.00321515,0.006,0.007,20375204.51,35099662.74,2100-01-01 00:01:00+00:00,ca22f9a0-212f-4f37-ac84-03e505d1f28c,099a36e8-4ca1-4d00-a968-53b63cda70e5,False
2026-06-23 20:11:31,Republican Presidential Nominee 2028 - Kristi Noem,myriad,polymarket,0.00423,0.006,0.1772,1,identity,0.00422837,0.00422837,0.006,0.007,20375204.51,34521980.48,2100-01-01 00:01:00+00:00,4b4e704e-9db5-4556-8824-7c1f79720463,ac0732ef-77dc-405f-ae81-7741d4bc0bc0,False
2026-06-23 20:56:57,Republican Presidential Nominee 2028 - Tucker Carlson,myriad,limitless,0.00522,0.054,4.8777,1,identity,0.00522334,0.00522334,0.054,0.057,20375204.51,114925000,2100-01-01 00:01:00+00:00,0c92b5bd-457c-4e94-8c3f-f4681744bf4f,84222a4d-18be-4561-b198-d187f59892d0,False
2026-06-23 20:56:57,Republican Presidential Nominee 2028 - Ron DeSantis,myriad,kalshi,0.00746,0.043,3.5543,1,identity,0.00745699,0.00745699,0.043,0.045,20375204.51,2467605.44,2100-01-01 00:01:00+00:00,f5bee072-802a-426a-bb24-fe90a64c619f,8feeb232-fdb2-433f-a81c-b34dd910cebe,False
2026-06-23 20:56:57,LoL: Worlds 2026 Winning Region - LCP (Asia-Pacific),opinion,myriad,0.018,0.04823,3.0226,1,identity,0.002,0.018,0.04822576,0.04822576,222441659.79,5268112.47,2026-12-31 00:00:00+00:00,d1e15f29-094c-47ee-ab5b-150c429894a8,d6a87e01-6a26-4eb8-a3d5-1c28f47b3273,False
2026-06-23 20:56:57,Republican Presidential Nominee 2028 - Marco Rubio,myriad,opinion,0.15454,0.181,2.6459,1,identity,0.15454143,0.15454143,0.181,0.683,20375204.51,74613.84,2100-01-01 00:01:00+00:00,b367e7ee-ec13-429c-907d-b59aeea6b897,86ff7a87-632c-4243-9530-6c50ed51abfa,False
2026-06-23 20:56:57,Republican Presidential Nominee 2028 - Donald Trump,limitless,myriad,0.029,0.05184,2.2839,1,identity,0.019,0.029,0.0518391,0.0518391,5466658389,20375204.51,2028-11-08 00:00:00+00:00,136f7cb1-4c27-4efa-8e44-16772d98ccd8,83666797-983b-4e26-b810-9dc8e34b2e5a,False
2026-06-23 20:56:57,Republican Presidential Nominee 2028 - Ron DeSantis,myriad,opinion,0.00746,0.028,2.0543,1,identity,0.00745699,0.00745699,0.028,0.849,20375204.51,6661240.12,2100-01-01 00:01:00+00:00,f5bee072-802a-426a-bb24-fe90a64c619f,f5fc4471-68a5-4e62-a273-48c485ffd1f7,False
2026-06-23 20:56:57,2026 FIFA World Cup Winner - Argentina,opinion,kalshi,0.12,0.139,1.9,1,identity,0.119,0.12,0.139,0.145,3139554.71,18434745.04,2026-07-20 00:00:00+00:00,b7d0fde9-32e0-4241-b597-263c825b762d,ec93f7e4-5a37-4027-adfd-33eca0d498bd,False
2026-06-23 20:56:57,Republican Presidential Nominee 2028 - Ron DeSantis,myriad,polymarket,0.00746,0.024,1.6543,1,identity,0.00745699,0.00745699,0.024,0.025,20375204.51,14235763.95,2100-01-01 00:01:00+00:00,f5bee072-802a-426a-bb24-fe90a64c619f,9546e10b-9758-4101-9e84-85fffe2e643d,False
2026-06-23 20:56:57,2026 FIFA World Cup Winner - France,limitless,kalshi,0.178,0.194,1.6,1,identity,0.177,0.178,0.194,0.201,15000206901,22448478.28,2026-10-14 00:00:00+00:00,3ab6db43-85ca-4ab2-a8a8-822db745df9b,5497c7f2-2c3d-4cd6-b845-45e7b37c1736,True
2026-06-23 20:56:57,2026 FIFA World Cup Winner - France,limitless,polymarket,0.178,0.192,1.4,1,identity,0.177,0.178,0.192,0.193,15000206901,59222102.77,2026-10-14 00:00:00+00:00,3ab6db43-85ca-4ab2-a8a8-822db745df9b,34442783-2665-4a51-97ae-1fbe9c8d9bb1,True
2026-06-23 20:56:57,World Cup Winner  - Will Portugal win the 2026 FIFA World Cup?,polymarket,kalshi,0.076,0.089,1.3,1,identity,0.075,0.076,0.089,0.09,53968886.35,25126532.71,2026-07-20 00:00:00+00:00,52dcc40d-d5ed-4e4d-8263-a0bbb47b2203,bcb6b6e0-1503-487a-a674-ef8196631fd8,True
2026-06-23 20:56:57,Republican Presidential Nominee 2028 - Donald Trump Jr,myriad,polymarket,0.01376,0.026,1.2239,1,identity,0.0137607,0.0137607,0.026,0.027,20375204.51,8894193.52,2100-01-01 00:01:00+00:00,357a00cc-7816-4d58-8d5d-c1e2cafc8463,4fef1385-e4e5-4091-891a-0ef1c15762bf,False
2026-06-23 20:56:57,2026 FIFA World Cup Winner - Netherlands,opinion,kalshi,0.054,0.066,1.2,1,identity,0.039,0.054,0.066,0.07,34175341.94,22321209.55,2026-07-20 00:00:00+00:00,9a3e0027-8362-4f8f-b6ec-d1d85bf2a7bd,9ec4c7cd-6a44-4730-82bf-749c642127bd,False
2026-06-23 20:56:57,Will the England win the 2026 Men's World Cup?,kalshi,opinion,0.105,0.116,1.1,1,identity,0.1,0.105,0.116,0.121,14157825.11,1341971.24,2028-07-18 14:00:00+00:00,430fa291-aa96-43f4-ac72-59e98712a626,6171ee39-0cc7-47a9-801f-355fcad5c032,False
2026-06-23 20:56:57,World Cup Winner  - Will Brazil win the 2026 FIFA World Cup?,polymarket,opinion,0.05,0.06,1.0,1,identity,0.049,0.05,0.06,0.083,43381274.87,1318461.2,2026-07-20 00:00:00+00:00,f5534629-281b-4d48-8ce1-18e33d100cd8,cc920f2d-6795-4262-8c16-1a49889badb2,False
2026-06-23 20:56:57,Republican Presidential Nominee 2028 - Glenn Youngkin,myriad,polymarket,0.00506,0.013,0.7942,1,identity,0.00505783,0.00505783,0.013,0.014,20375204.51,8078237.26,2100-01-01 00:01:00+00:00,90635c56-47ad-4aa5-a9f4-6e0f6da5e9d4,f5ffc59f-a722-4675-9237-3b1a317120f7,False
2026-06-23 20:56:57,Republican Presidential Nominee 2028 - Ivanka Trump,myriad,polymarket,0.00352,0.01,0.6481,1,identity,0.00351874,0.00351874,0.01,0.011,20375204.51,7946997.58,2100-01-01 00:01:00+00:00,322e9b4b-d19d-4709-87f8-00d63bed45b8,b5c90800-84f4-4655-8530-5241268f6948,False
2026-06-23 20:56:57,2026 FIFA World Cup Winner - England,opinion,polymarket,0.121,0.127,0.6,1,identity,0.116,0.121,0.127,0.128,1341971.24,44947653.92,2026-07-20 00:00:00+00:00,6171ee39-0cc7-47a9-801f-355fcad5c032,ca031f06-41c2-463f-a7dd-7fcfb8ac5f4d,False
2026-06-23 20:56:57,Republican Presidential Nominee 2028 - Rand Paul,myriad,polymarket,0.00327,0.009,0.5726,1,identity,0.0032742,0.0032742,0.009,0.01,20375204.51,18943117.85,2100-01-01 00:01:00+00:00,79af93b0-413d-4012-beb5-4bcb3a043f6c,2d871045-5593-4fc4-8bd7-29c7b579f3ac,False
2026-06-23 20:56:57,Republican Presidential Nominee 2028 - Tom Brady,myriad,polymarket,0.0032,0.008,0.48,1,identity,0.00320036,0.00320036,0.008,0.009,20375204.51,32628240.58,2100-01-01 00:01:00+00:00,da90005c-1dad-420b-9953-10914b8951a3,ee01237b-9f83-49ca-9544-096dc77a32ff,False
2026-06-23 20:56:57,Republican Presidential Nominee 2028 - Katie Britt,myriad,polymarket,0.00328,0.008,0.4715,1,identity,0.00328462,0.00328462,0.008,0.009,20375204.51,28396288.73,2100-01-01 00:01:00+00:00,dc45ffc8-cd6e-4976-aaed-1c0e0c12bdeb,ed1e00a3-93f9-42bf-9579-e218f3e2a3b8,False
2026-06-23 20:56:57,Republican Presidential Nominee 2028 - Kim Kardashian,myriad,polymarket,0.00376,0.008,0.4242,1,identity,0.00375828,0.00375828,0.008,0.009,20375204.51,27921270.07,2100-01-01 00:01:00+00:00,94d88697-bff1-4236-8c19-bd4705e5f203,876ac5d1-6f79-4844-94f3-7ab712c081f0,False
2026-06-23 20:56:57,Republican Presidential Nominee 2028 - Nikki Haley,myriad,polymarket,0.00391,0.008,0.4094,1,identity,0.00390586,0.00390586,0.008,0.009,20375204.51,9946633.94,2100-01-01 00:01:00+00:00,66cee2f4-f1e4-4f20-bf2b-a3d381d14320,729d7246-428e-4b72-b25a-f61a270957d6,False
2026-06-23 20:56:57,Republican Presidential Nominee 2028 - Josh Hawley,myriad,polymarket,0.00393,0.008,0.4069,1,identity,0.00393095,0.00393095,0.008,0.009,20375204.51,19798210.12,2100-01-01 00:01:00+00:00,ef874195-a416-4072-bbaa-c898d2304f87,2937a08d-6e9e-4c94-9144-cfe6ad0f2b18,False
2026-06-23 20:56:57,Republican Presidential Nominee 2028 - Elon Musk,myriad,polymarket,0.00494,0.009,0.4063,1,identity,0.00493682,0.00493682,0.009,0.01,20375204.51,28355893.21,2100-01-01 00:01:00+00:00,0b082490-2549-4e6b-bec0-d2b1ef66f4f3,8ca00001-67eb-4a78-bda5-00472c883bed,False
2026-06-23 20:56:57,Republican Presidential Nominee 2028 - Byron Donalds,myriad,polymarket,0.00318,0.007,0.382,1,identity,0.00317983,0.00317983,0.007,0.008,20375204.51,43910452.07,2100-01-01 00:01:00+00:00,dd1d4f91-0e2a-43c5-87de-9cafa156fe86,4834b1e4-9acc-4a10-83f1-55fcf7cee974,False
2026-06-23 20:56:57,Republican Presidential Nominee 2028 - Matt Gaetz,myriad,polymarket,0.00319,0.007,0.3807,1,identity,0.0031934,0.0031934,0.007,0.008,20375204.51,19567719.65,2100-01-01 00:01:00+00:00,e3c94a65-324f-4a70-baeb-cddd359bfe2c,5cdcac5b-4170-43ae-84bf-6befcd238e5e,False
2026-06-23 20:56:57,Republican Presidential Nominee 2028 - Erika Kirk,myriad,polymarket,0.00321,0.007,0.3792,1,identity,0.00320809,0.00320809,0.007,0.008,20375204.51,18126807.8,2100-01-01 00:01:00+00:00,4953f578-5357-4c4d-9770-94fca0be62a8,0dbeaed5-33a2-4e38-92e7-519dfda2c9b3,False
2026-06-23 20:56:57,2026 FIFA World Cup Winner - Norway,opinion,polymarket,0.027,0.03,0.3,1,identity,0.025,0.027,0.03,0.031,35351620.77,54483733.47,2026-07-20 00:00:00+00:00,9e10c052-4664-4074-b71c-5e026b875167,98d60821-b0a9-4a3e-b083-4f1f702653d5,False
2026-06-23 20:56:57,Republican Presidential Nominee 2028 - John Thune,myriad,polymarket,0.00322,0.006,0.2785,1,identity,0.00321515,0.00321515,0.006,0.007,20375204.51,35099662.74,2100-01-01 00:01:00+00:00,ca22f9a0-212f-4f37-ac84-03e505d1f28c,099a36e8-4ca1-4d00-a968-53b63cda70e5,False
2026-06-23 20:56:57,Republican Presidential Nominee 2028 - Kristi Noem,myriad,polymarket,0.00423,0.006,0.1772,1,identity,0.00422837,0.00422837,0.006,0.007,20375204.51,34521980.48,2100-01-01 00:01:00+00:00,4b4e704e-9db5-4556-8824-7c1f79720463,ac0732ef-77dc-405f-ae81-7741d4bc0bc0,False
2026-06-23 20:56:57,World Cup Winner  - Will France win the 2026 FIFA World Cup?,polymarket,kalshi,0.193,0.194,0.1,1,identity,0.192,0.193,0.194,0.201,59222102.77,22448478.28,2026-07-20 00:00:00+00:00,34442783-2665-4a51-97ae-1fbe9c8d9bb1,5497c7f2-2c3d-4cd6-b845-45e7b37c1736,True
2026-06-23 21:04:28,Republican Presidential Nominee 2028 - Tucker Carlson,myriad,limitless,0.00522,0.054,4.8777,1,identity,0.00522334,0.00522334,0.054,0.057,20375204.51,114925000,2100-01-01 00:01:00+00:00,0c92b5bd-457c-4e94-8c3f-f4681744bf4f,84222a4d-18be-4561-b198-d187f59892d0,False
2026-06-23 21:04:28,Republican Presidential Nominee 2028 - Ron DeSantis,myriad,kalshi,0.00833,0.043,3.4668,1,identity,0.00833195,0.00833195,0.043,0.045,20375204.51,2467605.44,2100-01-01 00:01:00+00:00,f5bee072-802a-426a-bb24-fe90a64c619f,8feeb232-fdb2-433f-a81c-b34dd910cebe,False
2026-06-23 21:04:28,LoL: Worlds 2026 Winning Region - LCP (Asia-Pacific),opinion,myriad,0.022,0.04823,2.6226,1,identity,0.002,0.022,0.04822576,0.04822576,222441659.79,5268112.47,2026-12-31 00:00:00+00:00,d1e15f29-094c-47ee-ab5b-150c429894a8,d6a87e01-6a26-4eb8-a3d5-1c28f47b3273,False
2026-06-23 21:04:28,Republican Presidential Nominee 2028 - Donald Trump,limitless,myriad,0.029,0.05184,2.2839,1,identity,0.019,0.029,0.0518391,0.0518391,5466658389,20375204.51,2028-11-08 00:00:00+00:00,136f7cb1-4c27-4efa-8e44-16772d98ccd8,83666797-983b-4e26-b810-9dc8e34b2e5a,False
2026-06-23 21:04:28,Republican Presidential Nominee 2028 - Ron DeSantis,myriad,opinion,0.00833,0.028,1.9668,1,identity,0.00833195,0.00833195,0.028,0.877,20375204.51,6661240.12,2100-01-01 00:01:00+00:00,f5bee072-802a-426a-bb24-fe90a64c619f,f5fc4471-68a5-4e62-a273-48c485ffd1f7,False
2026-06-23 21:04:28,2026 FIFA World Cup Winner - Argentina,opinion,kalshi,0.12,0.139,1.9,1,identity,0.119,0.12,0.139,0.145,3139554.71,18436723.93,2026-07-20 00:00:00+00:00,b7d0fde9-32e0-4241-b597-263c825b762d,ec93f7e4-5a37-4027-adfd-33eca0d498bd,False
2026-06-23 21:04:28,2026 FIFA World Cup Winner - France,limitless,kalshi,0.178,0.195,1.7,1,identity,0.177,0.178,0.195,0.199,15000206901,22452590.56,2026-10-14 00:00:00+00:00,3ab6db43-85ca-4ab2-a8a8-822db745df9b,5497c7f2-2c3d-4cd6-b845-45e7b37c1736,True
2026-06-23 21:04:28,Republican Presidential Nominee 2028 - Ron DeSantis,myriad,polymarket,0.00833,0.024,1.5668,1,identity,0.00833195,0.00833195,0.024,0.025,20375204.51,14235763.95,2100-01-01 00:01:00+00:00,f5bee072-802a-426a-bb24-fe90a64c619f,9546e10b-9758-4101-9e84-85fffe2e643d,False
2026-06-23 21:04:28,Republican Presidential Nominee 2028 - Marco Rubio,myriad,opinion,0.16584,0.181,1.516,1,identity,0.16584019,0.16584019,0.181,0.683,20375204.51,74613.84,2100-01-01 00:01:00+00:00,b367e7ee-ec13-429c-907d-b59aeea6b897,86ff7a87-632c-4243-9530-6c50ed51abfa,False
2026-06-23 21:04:28,2026 FIFA World Cup Winner - France,limitless,polymarket,0.178,0.192,1.4,1,identity,0.177,0.178,0.192,0.193,15000206901,59222102.77,2026-10-14 00:00:00+00:00,3ab6db43-85ca-4ab2-a8a8-822db745df9b,34442783-2665-4a51-97ae-1fbe9c8d9bb1,True
2026-06-23 21:04:28,2026 FIFA World Cup Winner - Netherlands,opinion,kalshi,0.054,0.068,1.4,1,identity,0.039,0.054,0.068,0.072,34175341.94,22347910.2,2026-07-20 00:00:00+00:00,9a3e0027-8362-4f8f-b6ec-d1d85bf2a7bd,9ec4c7cd-6a44-4730-82bf-749c642127bd,False
2026-06-23 21:04:28,World Cup Winner  - Will Portugal win the 2026 FIFA World Cup?,polymarket,kalshi,0.076,0.088,1.2,1,identity,0.075,0.076,0.088,0.09,53968886.35,25130375.19,2026-07-20 00:00:00+00:00,52dcc40d-d5ed-4e4d-8263-a0bbb47b2203,bcb6b6e0-1503-487a-a674-ef8196631fd8,True
2026-06-23 21:04:28,Republican Presidential Nominee 2028 - Donald Trump Jr,myriad,polymarket,0.01586,0.026,1.0135,1,identity,0.01586468,0.01586468,0.026,0.027,20375204.51,8894193.52,2100-01-01 00:01:00+00:00,357a00cc-7816-4d58-8d5d-c1e2cafc8463,4fef1385-e4e5-4091-891a-0ef1c15762bf,False
2026-06-23 21:04:28,Will the England win the 2026 Men's World Cup?,kalshi,opinion,0.106,0.115,0.9,1,identity,0.103,0.106,0.115,0.121,14158860.55,1341971.24,2028-07-18 14:00:00+00:00,430fa291-aa96-43f4-ac72-59e98712a626,6171ee39-0cc7-47a9-801f-355fcad5c032,False
2026-06-23 21:04:28,World Cup Winner  - Will Brazil win the 2026 FIFA World Cup?,polymarket,opinion,0.052,0.06,0.8,1,identity,0.051,0.052,0.06,0.083,43381274.87,1318461.2,2026-07-20 00:00:00+00:00,f5534629-281b-4d48-8ce1-18e33d100cd8,cc920f2d-6795-4262-8c16-1a49889badb2,False
2026-06-23 21:04:28,Republican Presidential Nominee 2028 - Glenn Youngkin,myriad,polymarket,0.00506,0.013,0.7942,1,identity,0.00505783,0.00505783,0.013,0.014,20375204.51,8078237.26,2100-01-01 00:01:00+00:00,90635c56-47ad-4aa5-a9f4-6e0f6da5e9d4,f5ffc59f-a722-4675-9237-3b1a317120f7,False
2026-06-23 21:04:28,Republican Presidential Nominee 2028 - Ivanka Trump,myriad,polymarket,0.00352,0.01,0.6481,1,identity,0.00351874,0.00351874,0.01,0.011,20375204.51,7946997.58,2100-01-01 00:01:00+00:00,322e9b4b-d19d-4709-87f8-00d63bed45b8,b5c90800-84f4-4655-8530-5241268f6948,False
2026-06-23 21:04:28,2026 FIFA World Cup Winner - England,opinion,polymarket,0.121,0.127,0.6,1,identity,0.115,0.121,0.127,0.128,1341971.24,44947653.92,2026-07-20 00:00:00+00:00,6171ee39-0cc7-47a9-801f-355fcad5c032,ca031f06-41c2-463f-a7dd-7fcfb8ac5f4d,False
2026-06-23 21:04:28,Republican Presidential Nominee 2028 - Rand Paul,myriad,polymarket,0.00327,0.009,0.5726,1,identity,0.0032742,0.0032742,0.009,0.01,20375204.51,18943117.85,2100-01-01 00:01:00+00:00,79af93b0-413d-4012-beb5-4bcb3a043f6c,2d871045-5593-4fc4-8bd7-29c7b579f3ac,False
2026-06-23 21:04:28,Republican Presidential Nominee 2028 - Tom Brady,myriad,polymarket,0.0032,0.008,0.48,1,identity,0.00320036,0.00320036,0.008,0.009,20375204.51,32628240.58,2100-01-01 00:01:00+00:00,da90005c-1dad-420b-9953-10914b8951a3,ee01237b-9f83-49ca-9544-096dc77a32ff,False
2026-06-23 21:04:28,Republican Presidential Nominee 2028 - Katie Britt,myriad,polymarket,0.00328,0.008,0.4715,1,identity,0.00328462,0.00328462,0.008,0.009,20375204.51,28396288.73,2100-01-01 00:01:00+00:00,dc45ffc8-cd6e-4976-aaed-1c0e0c12bdeb,ed1e00a3-93f9-42bf-9579-e218f3e2a3b8,False
2026-06-23 21:04:28,Republican Presidential Nominee 2028 - Josh Hawley,myriad,polymarket,0.0037,0.008,0.4301,1,identity,0.00369877,0.00369877,0.008,0.009,20375204.51,19798210.12,2100-01-01 00:01:00+00:00,ef874195-a416-4072-bbaa-c898d2304f87,2937a08d-6e9e-4c94-9144-cfe6ad0f2b18,False
2026-06-23 21:04:28,Republican Presidential Nominee 2028 - Kim Kardashian,myriad,polymarket,0.00376,0.008,0.4242,1,identity,0.00375828,0.00375828,0.008,0.009,20375204.51,27921270.07,2100-01-01 00:01:00+00:00,94d88697-bff1-4236-8c19-bd4705e5f203,876ac5d1-6f79-4844-94f3-7ab712c081f0,False
2026-06-23 21:04:28,Republican Presidential Nominee 2028 - Nikki Haley,myriad,polymarket,0.00391,0.008,0.4094,1,identity,0.00390586,0.00390586,0.008,0.009,20375204.51,9946633.94,2100-01-01 00:01:00+00:00,66cee2f4-f1e4-4f20-bf2b-a3d381d14320,729d7246-428e-4b72-b25a-f61a270957d6,False
2026-06-23 21:04:28,Republican Presidential Nominee 2028 - Elon Musk,myriad,polymarket,0.00494,0.009,0.4063,1,identity,0.00493682,0.00493682,0.009,0.01,20375204.51,28355893.21,2100-01-01 00:01:00+00:00,0b082490-2549-4e6b-bec0-d2b1ef66f4f3,8ca00001-67eb-4a78-bda5-00472c883bed,False
2026-06-23 21:04:28,Republican Presidential Nominee 2028 - Matt Gaetz,myriad,polymarket,0.00319,0.007,0.3807,1,identity,0.0031934,0.0031934,0.007,0.008,20375204.51,19567719.65,2100-01-01 00:01:00+00:00,e3c94a65-324f-4a70-baeb-cddd359bfe2c,5cdcac5b-4170-43ae-84bf-6befcd238e5e,False
2026-06-23 21:04:28,Republican Presidential Nominee 2028 - Erika Kirk,myriad,polymarket,0.00321,0.007,0.3792,1,identity,0.00320809,0.00320809,0.007,0.008,20375204.51,18126807.8,2100-01-01 00:01:00+00:00,4953f578-5357-4c4d-9770-94fca0be62a8,0dbeaed5-33a2-4e38-92e7-519dfda2c9b3,False
2026-06-23 21:04:28,2026 FIFA World Cup Winner - Norway,opinion,polymarket,0.027,0.03,0.3,1,identity,0.025,0.027,0.03,0.031,35351620.77,54483733.47,2026-07-20 00:00:00+00:00,9e10c052-4664-4074-b71c-5e026b875167,98d60821-b0a9-4a3e-b083-4f1f702653d5,False
2026-06-23 21:04:28,Republican Presidential Nominee 2028 - John Thune,myriad,polymarket,0.00322,0.006,0.2785,1,identity,0.00321515,0.00321515,0.006,0.007,20375204.51,35099662.74,2100-01-01 00:01:00+00:00,ca22f9a0-212f-4f37-ac84-03e505d1f28c,099a36e8-4ca1-4d00-a968-53b63cda70e5,False
2026-06-23 21:04:28,Republican Presidential Nominee 2028 - Byron Donalds,myriad,polymarket,0.00456,0.007,0.2436,1,identity,0.00456423,0.00456423,0.007,0.008,20375204.51,43910452.07,2100-01-01 00:01:00+00:00,dd1d4f91-0e2a-43c5-87de-9cafa156fe86,4834b1e4-9acc-4a10-83f1-55fcf7cee974,False
2026-06-23 21:04:28,World Cup Winner  - Will France win the 2026 FIFA World Cup?,polymarket,kalshi,0.193,0.195,0.2,1,identity,0.192,0.193,0.195,0.199,59222102.77,22452590.56,2026-07-20 00:00:00+00:00,34442783-2665-4a51-97ae-1fbe9c8d9bb1,5497c7f2-2c3d-4cd6-b845-45e7b37c1736,True
2026-06-23 21:04:28,Republican Presidential Nominee 2028 - Kristi Noem,myriad,polymarket,0.00423,0.006,0.1772,1,identity,0.00422837,0.00422837,0.006,0.007,20375204.51,34521980.48,2100-01-01 00:01:00+00:00,4b4e704e-9db5-4556-8824-7c1f79720463,ac0732ef-77dc-405f-ae81-7741d4bc0bc0,False
2026-06-23 21:04:28,World Cup Winner  - Will Spain win the 2026 FIFA World Cup?,polymarket,limitless,0.139,0.14,0.1,1,identity,0.138,0.139,0.14,0.15,53040410.83,9648337576,2026-07-20 00:00:00+00:00,4b99f70c-9ffc-41f6-86e1-34ddf1052be7,545c992d-369f-4010-b75f-32fa67e35baf,True
2026-06-23 22:28:24,Republican Presidential Nominee 2028 - Tucker Carlson,myriad,limitless,0.00527,0.054,4.8728,1,identity,0.00527178,0.00527178,0.054,0.057,20552699.77,114925000,2100-01-01 00:01:00+00:00,0c92b5bd-457c-4e94-8c3f-f4681744bf4f,84222a4d-18be-4561-b198-d187f59892d0,False
2026-06-23 22:28:24,Republican Presidential Nominee 2028 - Ron DeSantis,myriad,kalshi,0.00753,0.043,3.5475,1,identity,0.00752542,0.00752542,0.043,0.045,20552699.77,2467605.44,2100-01-01 00:01:00+00:00,f5bee072-802a-426a-bb24-fe90a64c619f,8feeb232-fdb2-433f-a81c-b34dd910cebe,False
2026-06-23 22:28:24,LoL: Worlds 2026 Winning Region - LCP (Asia-Pacific),opinion,myriad,0.023,0.04823,2.5226,1,identity,0.002,0.023,0.04822576,0.04822576,224848017.35,5268112.47,2026-12-31 00:00:00+00:00,d1e15f29-094c-47ee-ab5b-150c429894a8,d6a87e01-6a26-4eb8-a3d5-1c28f47b3273,False
2026-06-23 22:28:24,Republican Presidential Nominee 2028 - Marco Rubio,myriad,opinion,0.15685,0.181,2.4149,1,identity,0.15685081,0.15685081,0.181,0.683,20552699.77,74613.84,2100-01-01 00:01:00+00:00,b367e7ee-ec13-429c-907d-b59aeea6b897,86ff7a87-632c-4243-9530-6c50ed51abfa,False
2026-06-23 22:28:24,Republican Presidential Nominee 2028 - Donald Trump,limitless,myriad,0.029,0.05221,2.3215,1,identity,0.019,0.029,0.05221474,0.05221474,5466658389,20552699.77,2028-11-08 00:00:00+00:00,136f7cb1-4c27-4efa-8e44-16772d98ccd8,83666797-983b-4e26-b810-9dc8e34b2e5a,False
2026-06-23 22:28:24,2026 FIFA World Cup Winner - France,limitless,kalshi,0.178,0.201,2.3,1,identity,0.177,0.178,0.201,0.206,15000206901,22618295.69,2026-10-14 00:00:00+00:00,3ab6db43-85ca-4ab2-a8a8-822db745df9b,5497c7f2-2c3d-4cd6-b845-45e7b37c1736,True
2026-06-23 22:28:24,Republican Presidential Nominee 2028 - Ron DeSantis,myriad,opinion,0.00753,0.028,2.0475,1,identity,0.00752542,0.00752542,0.028,0.877,20552699.77,6661240.12,2100-01-01 00:01:00+00:00,f5bee072-802a-426a-bb24-fe90a64c619f,f5fc4471-68a5-4e62-a273-48c485ffd1f7,False
2026-06-23 22:28:24,2026 FIFA World Cup Winner - Argentina,opinion,kalshi,0.12,0.14,2.0,1,identity,0.105,0.12,0.14,0.144,3139554.71,18618937.53,2026-07-20 00:00:00+00:00,b7d0fde9-32e0-4241-b597-263c825b762d,ec93f7e4-5a37-4027-adfd-33eca0d498bd,False
2026-06-23 22:28:24,Republican Presidential Nominee 2028 - Ron DeSantis,myriad,polymarket,0.00753,0.024,1.6475,1,identity,0.00752542,0.00752542,0.024,0.025,20552699.77,14235763.95,2100-01-01 00:01:00+00:00,f5bee072-802a-426a-bb24-fe90a64c619f,9546e10b-9758-4101-9e84-85fffe2e643d,False
2026-06-23 22:28:24,2026 FIFA World Cup Winner - France,limitless,polymarket,0.178,0.192,1.4,1,identity,0.177,0.178,0.192,0.193,15000206901,59222102.77,2026-10-14 00:00:00+00:00,3ab6db43-85ca-4ab2-a8a8-822db745df9b,34442783-2665-4a51-97ae-1fbe9c8d9bb1,True
2026-06-23 22:28:24,Republican Presidential Nominee 2028 - Donald Trump Jr,myriad,polymarket,0.01388,0.026,1.2117,1,identity,0.0138832,0.0138832,0.026,0.027,20552699.77,8894193.52,2100-01-01 00:01:00+00:00,357a00cc-7816-4d58-8d5d-c1e2cafc8463,4fef1385-e4e5-4091-891a-0ef1c15762bf,False
2026-06-23 22:28:24,2026 FIFA World Cup Winner - Netherlands,opinion,kalshi,0.054,0.065,1.1,1,identity,0.039,0.054,0.065,0.069,34175341.94,22411912.47,2026-07-20 00:00:00+00:00,9a3e0027-8362-4f8f-b6ec-d1d85bf2a7bd,9ec4c7cd-6a44-4730-82bf-749c642127bd,False
2026-06-23 22:28:24,Will the England win the 2026 Men's World Cup?,kalshi,opinion,0.105,0.114,0.9,1,identity,0.104,0.105,0.114,0.117,14433368.39,1342014.93,2028-07-18 14:00:00+00:00,430fa291-aa96-43f4-ac72-59e98712a626,6171ee39-0cc7-47a9-801f-355fcad5c032,False
2026-06-23 22:28:24,World Cup Winner  - Will France win the 2026 FIFA World Cup?,polymarket,kalshi,0.193,0.201,0.8,1,identity,0.192,0.193,0.201,0.206,59222102.77,22618295.69,2026-07-20 00:00:00+00:00,34442783-2665-4a51-97ae-1fbe9c8d9bb1,5497c7f2-2c3d-4cd6-b845-45e7b37c1736,True
2026-06-23 22:28:24,Republican Presidential Nominee 2028 - Glenn Youngkin,myriad,polymarket,0.00509,0.013,0.7908,1,identity,0.00509195,0.00509195,0.013,0.014,20552699.77,8078237.26,2100-01-01 00:01:00+00:00,90635c56-47ad-4aa5-a9f4-6e0f6da5e9d4,f5ffc59f-a722-4675-9237-3b1a317120f7,False
2026-06-23 22:28:24,World Cup Winner  - Will Brazil win the 2026 FIFA World Cup?,polymarket,opinion,0.053,0.06,0.7,1,identity,0.052,0.053,0.06,0.083,43381274.87,1318461.2,2026-07-20 00:00:00+00:00,f5534629-281b-4d48-8ce1-18e33d100cd8,cc920f2d-6795-4262-8c16-1a49889badb2,False
2026-06-23 22:28:24,Republican Presidential Nominee 2028 - Ivanka Trump,myriad,polymarket,0.00352,0.01,0.6481,1,identity,0.00351874,0.00351874,0.01,0.011,20552699.77,7946997.58,2100-01-01 00:01:00+00:00,322e9b4b-d19d-4709-87f8-00d63bed45b8,b5c90800-84f4-4655-8530-5241268f6948,False
2026-06-23 22:28:24,World Cup Winner  - Will Portugal win the 2026 FIFA World Cup?,polymarket,kalshi,0.08,0.086,0.6,1,identity,0.079,0.08,0.086,0.09,53968886.35,25218038.23,2026-07-20 00:00:00+00:00,52dcc40d-d5ed-4e4d-8263-a0bbb47b2203,bcb6b6e0-1503-487a-a674-ef8196631fd8,True
2026-06-23 22:28:24,Republican Presidential Nominee 2028 - Rand Paul,myriad,polymarket,0.00327,0.009,0.5726,1,identity,0.0032742,0.0032742,0.009,0.01,20552699.77,18943117.85,2100-01-01 00:01:00+00:00,79af93b0-413d-4012-beb5-4bcb3a043f6c,2d871045-5593-4fc4-8bd7-29c7b579f3ac,False
2026-06-23 22:28:24,Republican Presidential Nominee 2028 - Glenn Youngkin,myriad,kalshi,0.00509,0.01,0.4908,1,identity,0.00509195,0.00509195,0.01,0.012,20552699.77,919636.1,2100-01-01 00:01:00+00:00,90635c56-47ad-4aa5-a9f4-6e0f6da5e9d4,91b44a30-b554-43ea-b960-a0b5e7f8598e,False
2026-06-23 22:28:24,Republican Presidential Nominee 2028 - Tom Brady,myriad,polymarket,0.00322,0.008,0.4778,1,identity,0.00322218,0.00322218,0.008,0.009,20552699.77,32628240.58,2100-01-01 00:01:00+00:00,da90005c-1dad-420b-9953-10914b8951a3,ee01237b-9f83-49ca-9544-096dc77a32ff,False
2026-06-23 22:28:24,Republican Presidential Nominee 2028 - Katie Britt,myriad,polymarket,0.00328,0.008,0.4715,1,identity,0.00328462,0.00328462,0.008,0.009,20552699.77,28396288.73,2100-01-01 00:01:00+00:00,dc45ffc8-cd6e-4976-aaed-1c0e0c12bdeb,ed1e00a3-93f9-42bf-9579-e218f3e2a3b8,False
2026-06-23 22:28:24,Republican Presidential Nominee 2028 - Nikki Haley,myriad,polymarket,0.00331,0.008,0.4692,1,identity,0.00330838,0.00330838,0.008,0.009,20552699.77,9946633.94,2100-01-01 00:01:00+00:00,66cee2f4-f1e4-4f20-bf2b-a3d381d14320,729d7246-428e-4b72-b25a-f61a270957d6,False
2026-06-23 22:28:24,Republican Presidential Nominee 2028 - Kim Kardashian,myriad,polymarket,0.00337,0.008,0.463,1,identity,0.00336967,0.00336967,0.008,0.009,20552699.77,27921270.07,2100-01-01 00:01:00+00:00,94d88697-bff1-4236-8c19-bd4705e5f203,876ac5d1-6f79-4844-94f3-7ab712c081f0,False
2026-06-23 22:28:24,Republican Presidential Nominee 2028 - Elon Musk,myriad,polymarket,0.00494,0.009,0.4063,1,identity,0.00493682,0.00493682,0.009,0.01,20552699.77,28355893.21,2100-01-01 00:01:00+00:00,0b082490-2549-4e6b-bec0-d2b1ef66f4f3,8ca00001-67eb-4a78-bda5-00472c883bed,False
2026-06-23 22:28:24,Republican Presidential Nominee 2028 - Byron Donalds,myriad,polymarket,0.00322,0.007,0.378,1,identity,0.00321962,0.00321962,0.007,0.008,20552699.77,43910452.07,2100-01-01 00:01:00+00:00,dd1d4f91-0e2a-43c5-87de-9cafa156fe86,4834b1e4-9acc-4a10-83f1-55fcf7cee974,False
2026-06-23 22:28:24,Republican Presidential Nominee 2028 - Erika Kirk,myriad,polymarket,0.00323,0.007,0.377,1,identity,0.00322995,0.00322995,0.007,0.008,20552699.77,18126807.8,2100-01-01 00:01:00+00:00,4953f578-5357-4c4d-9770-94fca0be62a8,0dbeaed5-33a2-4e38-92e7-519dfda2c9b3,False
2026-06-23 22:28:24,Republican Presidential Nominee 2028 - Matt Gaetz,myriad,polymarket,0.00323,0.007,0.3768,1,identity,0.00323166,0.00323166,0.007,0.008,20552699.77,19567719.65,2100-01-01 00:01:00+00:00,e3c94a65-324f-4a70-baeb-cddd359bfe2c,5cdcac5b-4170-43ae-84bf-6befcd238e5e,False
2026-06-23 22:28:24,2026 FIFA World Cup Winner - Norway,opinion,polymarket,0.027,0.03,0.3,1,identity,0.025,0.027,0.03,0.031,35351620.77,54483733.47,2026-07-20 00:00:00+00:00,9e10c052-4664-4074-b71c-5e026b875167,98d60821-b0a9-4a3e-b083-4f1f702653d5,False
2026-06-23 22:28:24,Republican Presidential Nominee 2028 - John Thune,myriad,polymarket,0.00322,0.006,0.2785,1,identity,0.00321515,0.00321515,0.006,0.007,20552699.77,35099662.74,2100-01-01 00:01:00+00:00,ca22f9a0-212f-4f37-ac84-03e505d1f28c,099a36e8-4ca1-4d00-a968-53b63cda70e5,False
2026-06-23 22:28:24,Republican Presidential Nominee 2028 - Nikki Haley,myriad,kalshi,0.00331,0.006,0.2692,1,identity,0.00330838,0.00330838,0.006,0.007,20552699.77,1741283.46,2100-01-01 00:01:00+00:00,66cee2f4-f1e4-4f20-bf2b-a3d381d14320,1cc46cb0-7f19-40bb-9606-52c1b5c6e0be,False
2026-06-23 22:28:24,World Cup Winner  - Will England win the 2026 FIFA World Cup?,polymarket,opinion,0.112,0.114,0.2,1,identity,0.111,0.112,0.114,0.117,44947653.92,1342014.93,2026-07-20 00:00:00+00:00,ca031f06-41c2-463f-a7dd-7fcfb8ac5f4d,6171ee39-0cc7-47a9-801f-355fcad5c032,False
2026-06-23 22:28:24,Republican Presidential Nominee 2028 - Kristi Noem,myriad,polymarket,0.00423,0.006,0.1772,1,identity,0.00422837,0.00422837,0.006,0.007,20552699.77,34521980.48,2100-01-01 00:01:00+00:00,4b4e704e-9db5-4556-8824-7c1f79720463,ac0732ef-77dc-405f-ae81-7741d4bc0bc0,False
2026-06-23 22:28:24,Republican Presidential Nominee 2028 - Josh Hawley,myriad,polymarket,0.0071,0.008,0.0895,1,identity,0.0071046,0.0071046,0.008,0.009,20552699.77,19798210.12,2100-01-01 00:01:00+00:00,ef874195-a416-4072-bbaa-c898d2304f87,2937a08d-6e9e-4c94-9144-cfe6ad0f2b18,False
2026-06-23 22:28:24,Republican Presidential Nominee 2028 - Josh Hawley,myriad,kalshi,0.0071,0.008,0.0895,1,identity,0.0071046,0.0071046,0.008,0.009,20552699.77,1278136.85,2100-01-01 00:01:00+00:00,ef874195-a416-4072-bbaa-c898d2304f87,147006b3-9b46-439e-a871-7f598a9aaa94,False
2026-06-23 22:29:00,Republican Presidential Nominee 2028 - Tucker Carlson,myriad,limitless,0.00527,0.054,4.8728,1,identity,0.00527178,0.00527178,0.054,0.057,20552699.77,114925000,2100-01-01 00:01:00+00:00,0c92b5bd-457c-4e94-8c3f-f4681744bf4f,84222a4d-18be-4561-b198-d187f59892d0,False
2026-06-23 22:29:00,Republican Presidential Nominee 2028 - Ron DeSantis,myriad,kalshi,0.00753,0.043,3.5475,1,identity,0.00752542,0.00752542,0.043,0.045,20552699.77,2467605.44,2100-01-01 00:01:00+00:00,f5bee072-802a-426a-bb24-fe90a64c619f,8feeb232-fdb2-433f-a81c-b34dd910cebe,False
2026-06-23 22:29:00,LoL: Worlds 2026 Winning Region - LCP (Asia-Pacific),opinion,myriad,0.023,0.04823,2.5226,1,identity,0.002,0.023,0.04822576,0.04822576,224848017.35,5268112.47,2026-12-31 00:00:00+00:00,d1e15f29-094c-47ee-ab5b-150c429894a8,d6a87e01-6a26-4eb8-a3d5-1c28f47b3273,False
2026-06-23 22:29:00,Republican Presidential Nominee 2028 - Marco Rubio,myriad,opinion,0.15685,0.181,2.4149,1,identity,0.15685081,0.15685081,0.181,0.683,20552699.77,74613.84,2100-01-01 00:01:00+00:00,b367e7ee-ec13-429c-907d-b59aeea6b897,86ff7a87-632c-4243-9530-6c50ed51abfa,False
2026-06-23 22:29:00,Republican Presidential Nominee 2028 - Donald Trump,limitless,myriad,0.029,0.05221,2.3215,1,identity,0.019,0.029,0.05221474,0.05221474,5466658389,20552699.77,2028-11-08 00:00:00+00:00,136f7cb1-4c27-4efa-8e44-16772d98ccd8,83666797-983b-4e26-b810-9dc8e34b2e5a,False
2026-06-23 22:29:00,2026 FIFA World Cup Winner - France,limitless,kalshi,0.178,0.201,2.3,1,identity,0.177,0.178,0.201,0.206,15000206901,22618295.69,2026-10-14 00:00:00+00:00,3ab6db43-85ca-4ab2-a8a8-822db745df9b,5497c7f2-2c3d-4cd6-b845-45e7b37c1736,True
2026-06-23 22:29:00,Republican Presidential Nominee 2028 - Ron DeSantis,myriad,opinion,0.00753,0.028,2.0475,1,identity,0.00752542,0.00752542,0.028,0.877,20552699.77,6661240.12,2100-01-01 00:01:00+00:00,f5bee072-802a-426a-bb24-fe90a64c619f,f5fc4471-68a5-4e62-a273-48c485ffd1f7,False
2026-06-23 22:29:00,2026 FIFA World Cup Winner - Argentina,opinion,kalshi,0.12,0.14,2.0,1,identity,0.105,0.12,0.14,0.144,3139554.71,18618937.53,2026-07-20 00:00:00+00:00,b7d0fde9-32e0-4241-b597-263c825b762d,ec93f7e4-5a37-4027-adfd-33eca0d498bd,False
2026-06-23 22:29:00,Republican Presidential Nominee 2028 - Ron DeSantis,myriad,polymarket,0.00753,0.024,1.6475,1,identity,0.00752542,0.00752542,0.024,0.025,20552699.77,14235763.95,2100-01-01 00:01:00+00:00,f5bee072-802a-426a-bb24-fe90a64c619f,9546e10b-9758-4101-9e84-85fffe2e643d,False
2026-06-23 22:29:00,2026 FIFA World Cup Winner - France,limitless,polymarket,0.178,0.192,1.4,1,identity,0.177,0.178,0.192,0.193,15000206901,59222102.77,2026-10-14 00:00:00+00:00,3ab6db43-85ca-4ab2-a8a8-822db745df9b,34442783-2665-4a51-97ae-1fbe9c8d9bb1,True
2026-06-23 22:29:00,Republican Presidential Nominee 2028 - Donald Trump Jr,myriad,polymarket,0.01388,0.026,1.2117,1,identity,0.0138832,0.0138832,0.026,0.027,20552699.77,8894193.52,2100-01-01 00:01:00+00:00,357a00cc-7816-4d58-8d5d-c1e2cafc8463,4fef1385-e4e5-4091-891a-0ef1c15762bf,False
2026-06-23 22:29:00,2026 FIFA World Cup Winner - Netherlands,opinion,kalshi,0.054,0.065,1.1,1,identity,0.039,0.054,0.065,0.069,34175341.94,22411912.47,2026-07-20 00:00:00+00:00,9a3e0027-8362-4f8f-b6ec-d1d85bf2a7bd,9ec4c7cd-6a44-4730-82bf-749c642127bd,False
2026-06-23 22:29:00,Will the England win the 2026 Men's World Cup?,kalshi,opinion,0.105,0.114,0.9,1,identity,0.104,0.105,0.114,0.117,14433368.39,1342014.93,2028-07-18 14:00:00+00:00,430fa291-aa96-43f4-ac72-59e98712a626,6171ee39-0cc7-47a9-801f-355fcad5c032,False
2026-06-23 22:29:00,World Cup Winner  - Will France win the 2026 FIFA World Cup?,polymarket,kalshi,0.193,0.201,0.8,1,identity,0.192,0.193,0.201,0.206,59222102.77,22618295.69,2026-07-20 00:00:00+00:00,34442783-2665-4a51-97ae-1fbe9c8d9bb1,5497c7f2-2c3d-4cd6-b845-45e7b37c1736,True
2026-06-23 22:29:00,Republican Presidential Nominee 2028 - Glenn Youngkin,myriad,polymarket,0.00509,0.013,0.7908,1,identity,0.00509195,0.00509195,0.013,0.014,20552699.77,8078237.26,2100-01-01 00:01:00+00:00,90635c56-47ad-4aa5-a9f4-6e0f6da5e9d4,f5ffc59f-a722-4675-9237-3b1a317120f7,False
2026-06-23 22:29:00,World Cup Winner  - Will Brazil win the 2026 FIFA World Cup?,polymarket,opinion,0.053,0.06,0.7,1,identity,0.052,0.053,0.06,0.083,43381274.87,1318461.2,2026-07-20 00:00:00+00:00,f5534629-281b-4d48-8ce1-18e33d100cd8,cc920f2d-6795-4262-8c16-1a49889badb2,False
2026-06-23 22:29:00,Republican Presidential Nominee 2028 - Ivanka Trump,myriad,polymarket,0.00352,0.01,0.6481,1,identity,0.00351874,0.00351874,0.01,0.011,20552699.77,7946997.58,2100-01-01 00:01:00+00:00,322e9b4b-d19d-4709-87f8-00d63bed45b8,b5c90800-84f4-4655-8530-5241268f6948,False
2026-06-23 22:29:00,World Cup Winner  - Will Portugal win the 2026 FIFA World Cup?,polymarket,kalshi,0.08,0.086,0.6,1,identity,0.079,0.08,0.086,0.09,53968886.35,25218038.23,2026-07-20 00:00:00+00:00,52dcc40d-d5ed-4e4d-8263-a0bbb47b2203,bcb6b6e0-1503-487a-a674-ef8196631fd8,True
2026-06-23 22:29:00,Republican Presidential Nominee 2028 - Rand Paul,myriad,polymarket,0.00327,0.009,0.5726,1,identity,0.0032742,0.0032742,0.009,0.01,20552699.77,18943117.85,2100-01-01 00:01:00+00:00,79af93b0-413d-4012-beb5-4bcb3a043f6c,2d871045-5593-4fc4-8bd7-29c7b579f3ac,False
2026-06-23 22:29:00,Republican Presidential Nominee 2028 - Glenn Youngkin,myriad,kalshi,0.00509,0.01,0.4908,1,identity,0.00509195,0.00509195,0.01,0.012,20552699.77,919636.1,2100-01-01 00:01:00+00:00,90635c56-47ad-4aa5-a9f4-6e0f6da5e9d4,91b44a30-b554-43ea-b960-a0b5e7f8598e,False
2026-06-23 22:29:00,Republican Presidential Nominee 2028 - Tom Brady,myriad,polymarket,0.00322,0.008,0.4778,1,identity,0.00322218,0.00322218,0.008,0.009,20552699.77,32628240.58,2100-01-01 00:01:00+00:00,da90005c-1dad-420b-9953-10914b8951a3,ee01237b-9f83-49ca-9544-096dc77a32ff,False
2026-06-23 22:29:00,Republican Presidential Nominee 2028 - Katie Britt,myriad,polymarket,0.00328,0.008,0.4715,1,identity,0.00328462,0.00328462,0.008,0.009,20552699.77,28396288.73,2100-01-01 00:01:00+00:00,dc45ffc8-cd6e-4976-aaed-1c0e0c12bdeb,ed1e00a3-93f9-42bf-9579-e218f3e2a3b8,False
2026-06-23 22:29:00,Republican Presidential Nominee 2028 - Nikki Haley,myriad,polymarket,0.00331,0.008,0.4692,1,identity,0.00330838,0.00330838,0.008,0.009,20552699.77,9946633.94,2100-01-01 00:01:00+00:00,66cee2f4-f1e4-4f20-bf2b-a3d381d14320,729d7246-428e-4b72-b25a-f61a270957d6,False
2026-06-23 22:29:00,Republican Presidential Nominee 2028 - Kim Kardashian,myriad,polymarket,0.00337,0.008,0.463,1,identity,0.00336967,0.00336967,0.008,0.009,20552699.77,27921270.07,2100-01-01 00:01:00+00:00,94d88697-bff1-4236-8c19-bd4705e5f203,876ac5d1-6f79-4844-94f3-7ab712c081f0,False
2026-06-23 22:29:00,Republican Presidential Nominee 2028 - Elon Musk,myriad,polymarket,0.00494,0.009,0.4063,1,identity,0.00493682,0.00493682,0.009,0.01,20552699.77,28355893.21,2100-01-01 00:01:00+00:00,0b082490-2549-4e6b-bec0-d2b1ef66f4f3,8ca00001-67eb-4a78-bda5-00472c883bed,False
2026-06-23 22:29:00,Republican Presidential Nominee 2028 - Byron Donalds,myriad,polymarket,0.00322,0.007,0.378,1,identity,0.00321962,0.00321962,0.007,0.008,20552699.77,43910452.07,2100-01-01 00:01:00+00:00,dd1d4f91-0e2a-43c5-87de-9cafa156fe86,4834b1e4-9acc-4a10-83f1-55fcf7cee974,False
2026-06-23 22:29:00,Republican Presidential Nominee 2028 - Erika Kirk,myriad,polymarket,0.00323,0.007,0.377,1,identity,0.00322995,0.00322995,0.007,0.008,20552699.77,18126807.8,2100-01-01 00:01:00+00:00,4953f578-5357-4c4d-9770-94fca0be62a8,0dbeaed5-33a2-4e38-92e7-519dfda2c9b3,False
2026-06-23 22:29:00,Republican Presidential Nominee 2028 - Matt Gaetz,myriad,polymarket,0.00323,0.007,0.3768,1,identity,0.00323166,0.00323166,0.007,0.008,20552699.77,19567719.65,2100-01-01 00:01:00+00:00,e3c94a65-324f-4a70-baeb-cddd359bfe2c,5cdcac5b-4170-43ae-84bf-6befcd238e5e,False
2026-06-23 22:29:00,2026 FIFA World Cup Winner - Norway,opinion,polymarket,0.027,0.03,0.3,1,identity,0.025,0.027,0.03,0.031,35351620.77,54483733.47,2026-07-20 00:00:00+00:00,9e10c052-4664-4074-b71c-5e026b875167,98d60821-b0a9-4a3e-b083-4f1f702653d5,False
2026-06-23 22:29:00,Republican Presidential Nominee 2028 - John Thune,myriad,polymarket,0.00322,0.006,0.2785,1,identity,0.00321515,0.00321515,0.006,0.007,20552699.77,35099662.74,2100-01-01 00:01:00+00:00,ca22f9a0-212f-4f37-ac84-03e505d1f28c,099a36e8-4ca1-4d00-a968-53b63cda70e5,False
2026-06-23 22:29:00,Republican Presidential Nominee 2028 - Nikki Haley,myriad,kalshi,0.00331,0.006,0.2692,1,identity,0.00330838,0.00330838,0.006,0.007,20552699.77,1741283.46,2100-01-01 00:01:00+00:00,66cee2f4-f1e4-4f20-bf2b-a3d381d14320,1cc46cb0-7f19-40bb-9606-52c1b5c6e0be,False
2026-06-23 22:29:00,World Cup Winner  - Will England win the 2026 FIFA World Cup?,polymarket,opinion,0.112,0.114,0.2,1,identity,0.111,0.112,0.114,0.117,44947653.92,1342014.93,2026-07-20 00:00:00+00:00,ca031f06-41c2-463f-a7dd-7fcfb8ac5f4d,6171ee39-0cc7-47a9-801f-355fcad5c032,False
2026-06-23 22:29:00,Republican Presidential Nominee 2028 - Kristi Noem,myriad,polymarket,0.00423,0.006,0.1772,1,identity,0.00422837,0.00422837,0.006,0.007,20552699.77,34521980.48,2100-01-01 00:01:00+00:00,4b4e704e-9db5-4556-8824-7c1f79720463,ac0732ef-77dc-405f-ae81-7741d4bc0bc0,False
2026-06-23 22:29:00,Republican Presidential Nominee 2028 - Josh Hawley,myriad,polymarket,0.0071,0.008,0.0895,1,identity,0.0071046,0.0071046,0.008,0.009,20552699.77,19798210.12,2100-01-01 00:01:00+00:00,ef874195-a416-4072-bbaa-c898d2304f87,2937a08d-6e9e-4c94-9144-cfe6ad0f2b18,False
2026-06-23 22:29:00,Republican Presidential Nominee 2028 - Josh Hawley,myriad,kalshi,0.0071,0.008,0.0895,1,identity,0.0071046,0.0071046,0.008,0.009,20552699.77,1278136.85,2100-01-01 00:01:00+00:00,ef874195-a416-4072-bbaa-c898d2304f87,147006b3-9b46-439e-a871-7f598a9aaa94,False
2026-06-23 22:30:10,Republican Presidential Nominee 2028 - Tucker Carlson,myriad,limitless,0.00527,0.054,4.8728,1,identity,0.00527178,0.00527178,0.054,0.057,20552699.77,114925000,2100-01-01 00:01:00+00:00,0c92b5bd-457c-4e94-8c3f-f4681744bf4f,84222a4d-18be-4561-b198-d187f59892d0,False
2026-06-23 22:30:10,Republican Presidential Nominee 2028 - Ron DeSantis,myriad,kalshi,0.00753,0.043,3.5475,1,identity,0.00752542,0.00752542,0.043,0.045,20552699.77,2467605.44,2100-01-01 00:01:00+00:00,f5bee072-802a-426a-bb24-fe90a64c619f,8feeb232-fdb2-433f-a81c-b34dd910cebe,False
2026-06-23 22:30:10,LoL: Worlds 2026 Winning Region - LCP (Asia-Pacific),opinion,myriad,0.023,0.04823,2.5226,1,identity,0.002,0.023,0.04822576,0.04822576,224848017.35,5268112.47,2026-12-31 00:00:00+00:00,d1e15f29-094c-47ee-ab5b-150c429894a8,d6a87e01-6a26-4eb8-a3d5-1c28f47b3273,False
2026-06-23 22:30:10,Republican Presidential Nominee 2028 - Marco Rubio,myriad,opinion,0.15685,0.181,2.4149,1,identity,0.15685081,0.15685081,0.181,0.683,20552699.77,74613.84,2100-01-01 00:01:00+00:00,b367e7ee-ec13-429c-907d-b59aeea6b897,86ff7a87-632c-4243-9530-6c50ed51abfa,False
2026-06-23 22:30:10,Republican Presidential Nominee 2028 - Donald Trump,limitless,myriad,0.029,0.05221,2.3215,1,identity,0.019,0.029,0.05221474,0.05221474,5466658389,20552699.77,2028-11-08 00:00:00+00:00,136f7cb1-4c27-4efa-8e44-16772d98ccd8,83666797-983b-4e26-b810-9dc8e34b2e5a,False
2026-06-23 22:30:10,2026 FIFA World Cup Winner - France,limitless,kalshi,0.178,0.201,2.3,1,identity,0.177,0.178,0.201,0.206,15000206901,22618295.69,2026-10-14 00:00:00+00:00,3ab6db43-85ca-4ab2-a8a8-822db745df9b,5497c7f2-2c3d-4cd6-b845-45e7b37c1736,True
2026-06-23 22:30:10,Republican Presidential Nominee 2028 - Ron DeSantis,myriad,opinion,0.00753,0.028,2.0475,1,identity,0.00752542,0.00752542,0.028,0.877,20552699.77,6661240.12,2100-01-01 00:01:00+00:00,f5bee072-802a-426a-bb24-fe90a64c619f,f5fc4471-68a5-4e62-a273-48c485ffd1f7,False
2026-06-23 22:30:10,2026 FIFA World Cup Winner - Argentina,opinion,kalshi,0.12,0.14,2.0,1,identity,0.105,0.12,0.14,0.144,3139554.71,18618937.53,2026-07-20 00:00:00+00:00,b7d0fde9-32e0-4241-b597-263c825b762d,ec93f7e4-5a37-4027-adfd-33eca0d498bd,False
2026-06-23 22:30:10,Republican Presidential Nominee 2028 - Ron DeSantis,myriad,polymarket,0.00753,0.024,1.6475,1,identity,0.00752542,0.00752542,0.024,0.025,20552699.77,14235763.95,2100-01-01 00:01:00+00:00,f5bee072-802a-426a-bb24-fe90a64c619f,9546e10b-9758-4101-9e84-85fffe2e643d,False
2026-06-23 22:30:10,2026 FIFA World Cup Winner - France,limitless,polymarket,0.178,0.192,1.4,1,identity,0.177,0.178,0.192,0.193,15000206901,59222102.77,2026-10-14 00:00:00+00:00,3ab6db43-85ca-4ab2-a8a8-822db745df9b,34442783-2665-4a51-97ae-1fbe9c8d9bb1,True
2026-06-23 22:30:10,Republican Presidential Nominee 2028 - Donald Trump Jr,myriad,polymarket,0.01388,0.026,1.2117,1,identity,0.0138832,0.0138832,0.026,0.027,20552699.77,8894193.52,2100-01-01 00:01:00+00:00,357a00cc-7816-4d58-8d5d-c1e2cafc8463,4fef1385-e4e5-4091-891a-0ef1c15762bf,False
2026-06-23 22:30:10,2026 FIFA World Cup Winner - Netherlands,opinion,kalshi,0.054,0.065,1.1,1,identity,0.039,0.054,0.065,0.069,34175341.94,22411912.47,2026-07-20 00:00:00+00:00,9a3e0027-8362-4f8f-b6ec-d1d85bf2a7bd,9ec4c7cd-6a44-4730-82bf-749c642127bd,False
2026-06-23 22:30:10,Will the England win the 2026 Men's World Cup?,kalshi,opinion,0.105,0.114,0.9,1,identity,0.104,0.105,0.114,0.117,14433368.39,1342014.93,2028-07-18 14:00:00+00:00,430fa291-aa96-43f4-ac72-59e98712a626,6171ee39-0cc7-47a9-801f-355fcad5c032,False
2026-06-23 22:30:10,World Cup Winner  - Will France win the 2026 FIFA World Cup?,polymarket,kalshi,0.193,0.201,0.8,1,identity,0.192,0.193,0.201,0.206,59222102.77,22618295.69,2026-07-20 00:00:00+00:00,34442783-2665-4a51-97ae-1fbe9c8d9bb1,5497c7f2-2c3d-4cd6-b845-45e7b37c1736,True
2026-06-23 22:30:10,Republican Presidential Nominee 2028 - Glenn Youngkin,myriad,polymarket,0.00509,0.013,0.7908,1,identity,0.00509195,0.00509195,0.013,0.014,20552699.77,8078237.26,2100-01-01 00:01:00+00:00,90635c56-47ad-4aa5-a9f4-6e0f6da5e9d4,f5ffc59f-a722-4675-9237-3b1a317120f7,False
2026-06-23 22:30:10,World Cup Winner  - Will Brazil win the 2026 FIFA World Cup?,polymarket,opinion,0.053,0.06,0.7,1,identity,0.052,0.053,0.06,0.083,43381274.87,1318461.2,2026-07-20 00:00:00+00:00,f5534629-281b-4d48-8ce1-18e33d100cd8,cc920f2d-6795-4262-8c16-1a49889badb2,False
2026-06-23 22:30:10,Republican Presidential Nominee 2028 - Ivanka Trump,myriad,polymarket,0.00352,0.01,0.6481,1,identity,0.00351874,0.00351874,0.01,0.011,20552699.77,7946997.58,2100-01-01 00:01:00+00:00,322e9b4b-d19d-4709-87f8-00d63bed45b8,b5c90800-84f4-4655-8530-5241268f6948,False
2026-06-23 22:30:10,World Cup Winner  - Will Portugal win the 2026 FIFA World Cup?,polymarket,kalshi,0.08,0.086,0.6,1,identity,0.079,0.08,0.086,0.09,53968886.35,25218038.23,2026-07-20 00:00:00+00:00,52dcc40d-d5ed-4e4d-8263-a0bbb47b2203,bcb6b6e0-1503-487a-a674-ef8196631fd8,True
2026-06-23 22:30:10,Republican Presidential Nominee 2028 - Rand Paul,myriad,polymarket,0.00327,0.009,0.5726,1,identity,0.0032742,0.0032742,0.009,0.01,20552699.77,18943117.85,2100-01-01 00:01:00+00:00,79af93b0-413d-4012-beb5-4bcb3a043f6c,2d871045-5593-4fc4-8bd7-29c7b579f3ac,False
2026-06-23 22:30:10,Republican Presidential Nominee 2028 - Glenn Youngkin,myriad,kalshi,0.00509,0.01,0.4908,1,identity,0.00509195,0.00509195,0.01,0.012,20552699.77,919636.1,2100-01-01 00:01:00+00:00,90635c56-47ad-4aa5-a9f4-6e0f6da5e9d4,91b44a30-b554-43ea-b960-a0b5e7f8598e,False
2026-06-23 22:30:10,Republican Presidential Nominee 2028 - Tom Brady,myriad,polymarket,0.00322,0.008,0.4778,1,identity,0.00322218,0.00322218,0.008,0.009,20552699.77,32628240.58,2100-01-01 00:01:00+00:00,da90005c-1dad-420b-9953-10914b8951a3,ee01237b-9f83-49ca-9544-096dc77a32ff,False
2026-06-23 22:30:10,Republican Presidential Nominee 2028 - Katie Britt,myriad,polymarket,0.00328,0.008,0.4715,1,identity,0.00328462,0.00328462,0.008,0.009,20552699.77,28396288.73,2100-01-01 00:01:00+00:00,dc45ffc8-cd6e-4976-aaed-1c0e0c12bdeb,ed1e00a3-93f9-42bf-9579-e218f3e2a3b8,False
2026-06-23 22:30:10,Republican Presidential Nominee 2028 - Nikki Haley,myriad,polymarket,0.00331,0.008,0.4692,1,identity,0.00330838,0.00330838,0.008,0.009,20552699.77,9946633.94,2100-01-01 00:01:00+00:00,66cee2f4-f1e4-4f20-bf2b-a3d381d14320,729d7246-428e-4b72-b25a-f61a270957d6,False
2026-06-23 22:30:10,Republican Presidential Nominee 2028 - Kim Kardashian,myriad,polymarket,0.00337,0.008,0.463,1,identity,0.00336967,0.00336967,0.008,0.009,20552699.77,27921270.07,2100-01-01 00:01:00+00:00,94d88697-bff1-4236-8c19-bd4705e5f203,876ac5d1-6f79-4844-94f3-7ab712c081f0,False
2026-06-23 22:30:10,Republican Presidential Nominee 2028 - Elon Musk,myriad,polymarket,0.00494,0.009,0.4063,1,identity,0.00493682,0.00493682,0.009,0.01,20552699.77,28355893.21,2100-01-01 00:01:00+00:00,0b082490-2549-4e6b-bec0-d2b1ef66f4f3,8ca00001-67eb-4a78-bda5-00472c883bed,False
2026-06-23 22:30:10,Republican Presidential Nominee 2028 - Byron Donalds,myriad,polymarket,0.00322,0.007,0.378,1,identity,0.00321962,0.00321962,0.007,0.008,20552699.77,43910452.07,2100-01-01 00:01:00+00:00,dd1d4f91-0e2a-43c5-87de-9cafa156fe86,4834b1e4-9acc-4a10-83f1-55fcf7cee974,False
2026-06-23 22:30:10,Republican Presidential Nominee 2028 - Erika Kirk,myriad,polymarket,0.00323,0.007,0.377,1,identity,0.00322995,0.00322995,0.007,0.008,20552699.77,18126807.8,2100-01-01 00:01:00+00:00,4953f578-5357-4c4d-9770-94fca0be62a8,0dbeaed5-33a2-4e38-92e7-519dfda2c9b3,False
2026-06-23 22:30:10,Republican Presidential Nominee 2028 - Matt Gaetz,myriad,polymarket,0.00323,0.007,0.3768,1,identity,0.00323166,0.00323166,0.007,0.008,20552699.77,19567719.65,2100-01-01 00:01:00+00:00,e3c94a65-324f-4a70-baeb-cddd359bfe2c,5cdcac5b-4170-43ae-84bf-6befcd238e5e,False
2026-06-23 22:30:10,2026 FIFA World Cup Winner - Norway,opinion,polymarket,0.027,0.03,0.3,1,identity,0.025,0.027,0.03,0.031,35351620.77,54483733.47,2026-07-20 00:00:00+00:00,9e10c052-4664-4074-b71c-5e026b875167,98d60821-b0a9-4a3e-b083-4f1f702653d5,False
2026-06-23 22:30:10,Republican Presidential Nominee 2028 - John Thune,myriad,polymarket,0.00322,0.006,0.2785,1,identity,0.00321515,0.00321515,0.006,0.007,20552699.77,35099662.74,2100-01-01 00:01:00+00:00,ca22f9a0-212f-4f37-ac84-03e505d1f28c,099a36e8-4ca1-4d00-a968-53b63cda70e5,False
2026-06-23 22:30:10,Republican Presidential Nominee 2028 - Nikki Haley,myriad,kalshi,0.00331,0.006,0.2692,1,identity,0.00330838,0.00330838,0.006,0.007,20552699.77,1741283.46,2100-01-01 00:01:00+00:00,66cee2f4-f1e4-4f20-bf2b-a3d381d14320,1cc46cb0-7f19-40bb-9606-52c1b5c6e0be,False
2026-06-23 22:30:10,World Cup Winner  - Will England win the 2026 FIFA World Cup?,polymarket,opinion,0.112,0.114,0.2,1,identity,0.111,0.112,0.114,0.117,44947653.92,1342014.93,2026-07-20 00:00:00+00:00,ca031f06-41c2-463f-a7dd-7fcfb8ac5f4d,6171ee39-0cc7-47a9-801f-355fcad5c032,False
2026-06-23 22:30:10,Republican Presidential Nominee 2028 - Kristi Noem,myriad,polymarket,0.00423,0.006,0.1772,1,identity,0.00422837,0.00422837,0.006,0.007,20552699.77,34521980.48,2100-01-01 00:01:00+00:00,4b4e704e-9db5-4556-8824-7c1f79720463,ac0732ef-77dc-405f-ae81-7741d4bc0bc0,False
2026-06-23 22:30:10,Republican Presidential Nominee 2028 - Josh Hawley,myriad,polymarket,0.0071,0.008,0.0895,1,identity,0.0071046,0.0071046,0.008,0.009,20552699.77,19798210.12,2100-01-01 00:01:00+00:00,ef874195-a416-4072-bbaa-c898d2304f87,2937a08d-6e9e-4c94-9144-cfe6ad0f2b18,False
2026-06-23 22:30:10,Republican Presidential Nominee 2028 - Josh Hawley,myriad,kalshi,0.0071,0.008,0.0895,1,identity,0.0071046,0.0071046,0.008,0.009,20552699.77,1278136.85,2100-01-01 00:01:00+00:00,ef874195-a416-4072-bbaa-c898d2304f87,147006b3-9b46-439e-a871-7f598a9aaa94,False
2026-06-23 22:31:06,Republican Presidential Nominee 2028 - Tucker Carlson,myriad,limitless,0.00527,0.054,4.8728,1,identity,0.00527178,0.00527178,0.054,0.057,20552799.77,114925000,2100-01-01 00:01:00+00:00,0c92b5bd-457c-4e94-8c3f-f4681744bf4f,84222a4d-18be-4561-b198-d187f59892d0,False
2026-06-23 22:31:06,Republican Presidential Nominee 2028 - Ron DeSantis,myriad,kalshi,0.00753,0.043,3.5475,1,identity,0.00752542,0.00752542,0.043,0.045,20552799.77,2467605.44,2100-01-01 00:01:00+00:00,f5bee072-802a-426a-bb24-fe90a64c619f,8feeb232-fdb2-433f-a81c-b34dd910cebe,False
2026-06-23 22:31:06,LoL: Worlds 2026 Winning Region - LCP (Asia-Pacific),opinion,myriad,0.023,0.04823,2.5226,1,identity,0.002,0.023,0.04822576,0.04822576,224848017.35,5268112.47,2026-12-31 00:00:00+00:00,d1e15f29-094c-47ee-ab5b-150c429894a8,d6a87e01-6a26-4eb8-a3d5-1c28f47b3273,False
2026-06-23 22:31:06,Republican Presidential Nominee 2028 - Marco Rubio,myriad,opinion,0.15685,0.181,2.4149,1,identity,0.15685081,0.15685081,0.181,0.683,20552799.77,74613.84,2100-01-01 00:01:00+00:00,b367e7ee-ec13-429c-907d-b59aeea6b897,86ff7a87-632c-4243-9530-6c50ed51abfa,False
2026-06-23 22:31:06,Republican Presidential Nominee 2028 - Donald Trump,limitless,myriad,0.029,0.05221,2.3215,1,identity,0.019,0.029,0.05221474,0.05221474,5466658389,20552799.77,2028-11-08 00:00:00+00:00,136f7cb1-4c27-4efa-8e44-16772d98ccd8,83666797-983b-4e26-b810-9dc8e34b2e5a,False
2026-06-23 22:31:06,2026 FIFA World Cup Winner - France,limitless,kalshi,0.178,0.201,2.3,1,identity,0.177,0.178,0.201,0.206,15000206901,22618295.69,2026-10-14 00:00:00+00:00,3ab6db43-85ca-4ab2-a8a8-822db745df9b,5497c7f2-2c3d-4cd6-b845-45e7b37c1736,True
2026-06-23 22:31:06,Republican Presidential Nominee 2028 - Ron DeSantis,myriad,opinion,0.00753,0.028,2.0475,1,identity,0.00752542,0.00752542,0.028,0.877,20552799.77,6661240.12,2100-01-01 00:01:00+00:00,f5bee072-802a-426a-bb24-fe90a64c619f,f5fc4471-68a5-4e62-a273-48c485ffd1f7,False
2026-06-23 22:31:06,2026 FIFA World Cup Winner - Argentina,opinion,kalshi,0.12,0.14,2.0,1,identity,0.105,0.12,0.14,0.144,3139554.71,18618937.53,2026-07-20 00:00:00+00:00,b7d0fde9-32e0-4241-b597-263c825b762d,ec93f7e4-5a37-4027-adfd-33eca0d498bd,False
2026-06-23 22:31:06,Republican Presidential Nominee 2028 - Ron DeSantis,myriad,polymarket,0.00753,0.024,1.6475,1,identity,0.00752542,0.00752542,0.024,0.025,20552799.77,14235763.95,2100-01-01 00:01:00+00:00,f5bee072-802a-426a-bb24-fe90a64c619f,9546e10b-9758-4101-9e84-85fffe2e643d,False
2026-06-23 22:31:06,2026 FIFA World Cup Winner - France,limitless,polymarket,0.178,0.192,1.4,1,identity,0.177,0.178,0.192,0.193,15000206901,59222102.77,2026-10-14 00:00:00+00:00,3ab6db43-85ca-4ab2-a8a8-822db745df9b,34442783-2665-4a51-97ae-1fbe9c8d9bb1,True
2026-06-23 22:31:06,Republican Presidential Nominee 2028 - Donald Trump Jr,myriad,polymarket,0.01388,0.026,1.2117,1,identity,0.0138832,0.0138832,0.026,0.027,20552799.77,8894193.52,2100-01-01 00:01:00+00:00,357a00cc-7816-4d58-8d5d-c1e2cafc8463,4fef1385-e4e5-4091-891a-0ef1c15762bf,False
2026-06-23 22:31:06,2026 FIFA World Cup Winner - Netherlands,opinion,kalshi,0.054,0.065,1.1,1,identity,0.039,0.054,0.065,0.069,34175341.94,22411912.47,2026-07-20 00:00:00+00:00,9a3e0027-8362-4f8f-b6ec-d1d85bf2a7bd,9ec4c7cd-6a44-4730-82bf-749c642127bd,False
2026-06-23 22:31:06,Will the England win the 2026 Men's World Cup?,kalshi,opinion,0.105,0.114,0.9,1,identity,0.104,0.105,0.114,0.121,14433368.39,1342014.93,2028-07-18 14:00:00+00:00,430fa291-aa96-43f4-ac72-59e98712a626,6171ee39-0cc7-47a9-801f-355fcad5c032,False
2026-06-23 22:31:06,World Cup Winner  - Will France win the 2026 FIFA World Cup?,polymarket,kalshi,0.193,0.201,0.8,1,identity,0.192,0.193,0.201,0.206,59222102.77,22618295.69,2026-07-20 00:00:00+00:00,34442783-2665-4a51-97ae-1fbe9c8d9bb1,5497c7f2-2c3d-4cd6-b845-45e7b37c1736,True
2026-06-23 22:31:06,Republican Presidential Nominee 2028 - Glenn Youngkin,myriad,polymarket,0.00509,0.013,0.7908,1,identity,0.00509195,0.00509195,0.013,0.014,20552799.77,8078237.26,2100-01-01 00:01:00+00:00,90635c56-47ad-4aa5-a9f4-6e0f6da5e9d4,f5ffc59f-a722-4675-9237-3b1a317120f7,False
2026-06-23 22:31:06,World Cup Winner  - Will Brazil win the 2026 FIFA World Cup?,polymarket,opinion,0.053,0.06,0.7,1,identity,0.052,0.053,0.06,0.083,43381274.87,1318461.2,2026-07-20 00:00:00+00:00,f5534629-281b-4d48-8ce1-18e33d100cd8,cc920f2d-6795-4262-8c16-1a49889badb2,False
2026-06-23 22:31:06,Republican Presidential Nominee 2028 - Ivanka Trump,myriad,polymarket,0.00352,0.01,0.6481,1,identity,0.00351874,0.00351874,0.01,0.011,20552799.77,7946997.58,2100-01-01 00:01:00+00:00,322e9b4b-d19d-4709-87f8-00d63bed45b8,b5c90800-84f4-4655-8530-5241268f6948,False
2026-06-23 22:31:06,World Cup Winner  - Will Portugal win the 2026 FIFA World Cup?,polymarket,kalshi,0.08,0.086,0.6,1,identity,0.079,0.08,0.086,0.09,53968886.35,25218038.23,2026-07-20 00:00:00+00:00,52dcc40d-d5ed-4e4d-8263-a0bbb47b2203,bcb6b6e0-1503-487a-a674-ef8196631fd8,True
2026-06-23 22:31:06,Republican Presidential Nominee 2028 - Rand Paul,myriad,polymarket,0.00327,0.009,0.5726,1,identity,0.0032742,0.0032742,0.009,0.01,20552799.77,18943117.85,2100-01-01 00:01:00+00:00,79af93b0-413d-4012-beb5-4bcb3a043f6c,2d871045-5593-4fc4-8bd7-29c7b579f3ac,False
2026-06-23 22:31:06,Republican Presidential Nominee 2028 - Glenn Youngkin,myriad,kalshi,0.00509,0.01,0.4908,1,identity,0.00509195,0.00509195,0.01,0.012,20552799.77,919636.1,2100-01-01 00:01:00+00:00,90635c56-47ad-4aa5-a9f4-6e0f6da5e9d4,91b44a30-b554-43ea-b960-a0b5e7f8598e,False
2026-06-23 22:31:06,Republican Presidential Nominee 2028 - Tom Brady,myriad,polymarket,0.00322,0.008,0.4778,1,identity,0.00322218,0.00322218,0.008,0.009,20552799.77,32628240.58,2100-01-01 00:01:00+00:00,da90005c-1dad-420b-9953-10914b8951a3,ee01237b-9f83-49ca-9544-096dc77a32ff,False
2026-06-23 22:31:06,Republican Presidential Nominee 2028 - Katie Britt,myriad,polymarket,0.00328,0.008,0.4715,1,identity,0.00328462,0.00328462,0.008,0.009,20552799.77,28396288.73,2100-01-01 00:01:00+00:00,dc45ffc8-cd6e-4976-aaed-1c0e0c12bdeb,ed1e00a3-93f9-42bf-9579-e218f3e2a3b8,False
2026-06-23 22:31:06,Republican Presidential Nominee 2028 - Nikki Haley,myriad,polymarket,0.00331,0.008,0.4692,1,identity,0.00330838,0.00330838,0.008,0.009,20552799.77,9946633.94,2100-01-01 00:01:00+00:00,66cee2f4-f1e4-4f20-bf2b-a3d381d14320,729d7246-428e-4b72-b25a-f61a270957d6,False
2026-06-23 22:31:06,Republican Presidential Nominee 2028 - Kim Kardashian,myriad,polymarket,0.00337,0.008,0.463,1,identity,0.00336967,0.00336967,0.008,0.009,20552799.77,27921270.07,2100-01-01 00:01:00+00:00,94d88697-bff1-4236-8c19-bd4705e5f203,876ac5d1-6f79-4844-94f3-7ab712c081f0,False
2026-06-23 22:31:06,Republican Presidential Nominee 2028 - Elon Musk,myriad,polymarket,0.00494,0.009,0.4063,1,identity,0.00493682,0.00493682,0.009,0.01,20552799.77,28355893.21,2100-01-01 00:01:00+00:00,0b082490-2549-4e6b-bec0-d2b1ef66f4f3,8ca00001-67eb-4a78-bda5-00472c883bed,False
2026-06-23 22:31:06,Republican Presidential Nominee 2028 - Byron Donalds,myriad,polymarket,0.00322,0.007,0.378,1,identity,0.00321962,0.00321962,0.007,0.008,20552799.77,43910452.07,2100-01-01 00:01:00+00:00,dd1d4f91-0e2a-43c5-87de-9cafa156fe86,4834b1e4-9acc-4a10-83f1-55fcf7cee974,False
2026-06-23 22:31:06,Republican Presidential Nominee 2028 - Erika Kirk,myriad,polymarket,0.00323,0.007,0.377,1,identity,0.00322995,0.00322995,0.007,0.008,20552799.77,18126807.8,2100-01-01 00:01:00+00:00,4953f578-5357-4c4d-9770-94fca0be62a8,0dbeaed5-33a2-4e38-92e7-519dfda2c9b3,False
2026-06-23 22:31:06,Republican Presidential Nominee 2028 - Matt Gaetz,myriad,polymarket,0.00323,0.007,0.3768,1,identity,0.00323166,0.00323166,0.007,0.008,20552799.77,19567719.65,2100-01-01 00:01:00+00:00,e3c94a65-324f-4a70-baeb-cddd359bfe2c,5cdcac5b-4170-43ae-84bf-6befcd238e5e,False
2026-06-23 22:31:06,2026 FIFA World Cup Winner - Norway,opinion,polymarket,0.027,0.03,0.3,1,identity,0.025,0.027,0.03,0.031,35351620.77,54483733.47,2026-07-20 00:00:00+00:00,9e10c052-4664-4074-b71c-5e026b875167,98d60821-b0a9-4a3e-b083-4f1f702653d5,False
2026-06-23 22:31:06,Republican Presidential Nominee 2028 - John Thune,myriad,polymarket,0.00322,0.006,0.2785,1,identity,0.00321515,0.00321515,0.006,0.007,20552799.77,35099662.74,2100-01-01 00:01:00+00:00,ca22f9a0-212f-4f37-ac84-03e505d1f28c,099a36e8-4ca1-4d00-a968-53b63cda70e5,False
2026-06-23 22:31:06,Republican Presidential Nominee 2028 - Nikki Haley,myriad,kalshi,0.00331,0.006,0.2692,1,identity,0.00330838,0.00330838,0.006,0.007,20552799.77,1741283.46,2100-01-01 00:01:00+00:00,66cee2f4-f1e4-4f20-bf2b-a3d381d14320,1cc46cb0-7f19-40bb-9606-52c1b5c6e0be,False
2026-06-23 22:31:06,Republican Presidential Nominee 2028 - Ted Cruz,myriad,kalshi,0.0068,0.009,0.2205,1,identity,0.00679514,0.00679514,0.009,0.01,20552799.77,1206438.82,2100-01-01 00:01:00+00:00,01f94550-7298-4a62-aaad-967860ceec36,c6f6dccb-cca3-4dac-88a1-c423f3a9d420,False
2026-06-23 22:31:06,World Cup Winner  - Will England win the 2026 FIFA World Cup?,polymarket,opinion,0.112,0.114,0.2,1,identity,0.111,0.112,0.114,0.121,44947653.92,1342014.93,2026-07-20 00:00:00+00:00,ca031f06-41c2-463f-a7dd-7fcfb8ac5f4d,6171ee39-0cc7-47a9-801f-355fcad5c032,False
2026-06-23 22:31:06,Republican Presidential Nominee 2028 - Kristi Noem,myriad,polymarket,0.00423,0.006,0.1772,1,identity,0.00422837,0.00422837,0.006,0.007,20552799.77,34521980.48,2100-01-01 00:01:00+00:00,4b4e704e-9db5-4556-8824-7c1f79720463,ac0732ef-77dc-405f-ae81-7741d4bc0bc0,False
2026-06-23 22:31:06,Republican Presidential Nominee 2028 - Josh Hawley,myriad,polymarket,0.0071,0.008,0.0895,1,identity,0.0071046,0.0071046,0.008,0.009,20552799.77,19798210.12,2100-01-01 00:01:00+00:00,ef874195-a416-4072-bbaa-c898d2304f87,2937a08d-6e9e-4c94-9144-cfe6ad0f2b18,False
2026-06-23 22:31:06,Republican Presidential Nominee 2028 - Josh Hawley,myriad,kalshi,0.0071,0.008,0.0895,1,identity,0.0071046,0.0071046,0.008,0.009,20552799.77,1278136.85,2100-01-01 00:01:00+00:00,ef874195-a416-4072-bbaa-c898d2304f87,147006b3-9b46-439e-a871-7f598a9aaa94,False
2026-06-23 23:43:45,Republican Presidential Nominee 2028 - Tucker Carlson,myriad,limitless,0.00534,0.054,4.866,1,identity,0.00534021,0.00534021,0.054,0.055,20552799.77,114925000,2100-01-01 00:01:00+00:00,0c92b5bd-457c-4e94-8c3f-f4681744bf4f,84222a4d-18be-4561-b198-d187f59892d0,False
2026-06-23 23:43:45,Republican Presidential Nominee 2028 - Ron DeSantis,myriad,kalshi,0.00762,0.043,3.5377,1,identity,0.00762257,0.00762257,0.043,0.045,20552799.77,2467605.44,2100-01-01 00:01:00+00:00,f5bee072-802a-426a-bb24-fe90a64c619f,8feeb232-fdb2-433f-a81c-b34dd910cebe,False
2026-06-23 23:43:45,Republican Presidential Nominee 2028 - Donald Trump,limitless,myriad,0.029,0.0545,2.5503,1,identity,0.019,0.029,0.05450313,0.05450313,5466658389,20552799.77,2028-11-08 00:00:00+00:00,136f7cb1-4c27-4efa-8e44-16772d98ccd8,83666797-983b-4e26-b810-9dc8e34b2e5a,False
2026-06-23 23:43:45,LoL: Worlds 2026 Winning Region - LCP (Asia-Pacific),opinion,myriad,0.023,0.04823,2.5226,1,identity,0.002,0.023,0.04822576,0.04822576,225434400.02,5268112.47,2026-12-31 00:00:00+00:00,d1e15f29-094c-47ee-ab5b-150c429894a8,d6a87e01-6a26-4eb8-a3d5-1c28f47b3273,False
2026-06-23 23:43:45,Republican Presidential Nominee 2028 - Marco Rubio,myriad,opinion,0.15839,0.181,2.2607,1,identity,0.15839325,0.15839325,0.181,0.683,20552799.77,74613.84,2100-01-01 00:01:00+00:00,b367e7ee-ec13-429c-907d-b59aeea6b897,86ff7a87-632c-4243-9530-6c50ed51abfa,False
2026-06-23 23:43:45,2026 FIFA World Cup Winner - France,limitless,kalshi,0.178,0.199,2.1,1,identity,0.177,0.178,0.199,0.207,15000206901,22663477.85,2026-10-14 00:00:00+00:00,3ab6db43-85ca-4ab2-a8a8-822db745df9b,5497c7f2-2c3d-4cd6-b845-45e7b37c1736,True
2026-06-23 23:43:45,Republican Presidential Nominee 2028 - Ron DeSantis,myriad,opinion,0.00762,0.028,2.0377,1,identity,0.00762257,0.00762257,0.028,0.871,20552799.77,6661240.12,2100-01-01 00:01:00+00:00,f5bee072-802a-426a-bb24-fe90a64c619f,f5fc4471-68a5-4e62-a273-48c485ffd1f7,False
2026-06-23 23:43:45,Republican Presidential Nominee 2028 - Ron DeSantis,myriad,polymarket,0.00762,0.024,1.6377,1,identity,0.00762257,0.00762257,0.024,0.025,20552799.77,14235763.95,2100-01-01 00:01:00+00:00,f5bee072-802a-426a-bb24-fe90a64c619f,9546e10b-9758-4101-9e84-85fffe2e643d,False
2026-06-23 23:43:45,2026 FIFA World Cup Winner - Argentina,opinion,kalshi,0.12,0.136,1.6,1,identity,0.119,0.12,0.136,0.144,3139554.71,18668838.64,2026-07-20 00:00:00+00:00,b7d0fde9-32e0-4241-b597-263c825b762d,ec93f7e4-5a37-4027-adfd-33eca0d498bd,False
2026-06-23 23:43:45,2026 FIFA World Cup Winner - Netherlands,opinion,kalshi,0.054,0.069,1.5,1,identity,0.039,0.054,0.069,0.07,34175341.94,22446345.15,2026-07-20 00:00:00+00:00,9a3e0027-8362-4f8f-b6ec-d1d85bf2a7bd,9ec4c7cd-6a44-4730-82bf-749c642127bd,False
2026-06-23 23:43:45,2026 FIFA World Cup Winner - France,limitless,polymarket,0.178,0.191,1.3,1,identity,0.177,0.178,0.191,0.192,15000206901,59222102.77,2026-10-14 00:00:00+00:00,3ab6db43-85ca-4ab2-a8a8-822db745df9b,34442783-2665-4a51-97ae-1fbe9c8d9bb1,True
2026-06-23 23:43:45,Republican Presidential Nominee 2028 - Donald Trump Jr,myriad,polymarket,0.01406,0.026,1.194,1,identity,0.01405959,0.01405959,0.026,0.027,20552799.77,8894193.52,2100-01-01 00:01:00+00:00,357a00cc-7816-4d58-8d5d-c1e2cafc8463,4fef1385-e4e5-4091-891a-0ef1c15762bf,False
2026-06-23 23:43:45,Will the England win the 2026 Men's World Cup?,kalshi,opinion,0.104,0.114,1.0,1,identity,0.103,0.104,0.114,0.119,14470849.05,1342014.93,2028-07-18 14:00:00+00:00,430fa291-aa96-43f4-ac72-59e98712a626,6171ee39-0cc7-47a9-801f-355fcad5c032,False
2026-06-23 23:43:45,World Cup Winner  - Will Portugal win the 2026 FIFA World Cup?,polymarket,kalshi,0.081,0.089,0.8,1,identity,0.079,0.081,0.089,0.094,53968886.35,25306441.51,2026-07-20 00:00:00+00:00,52dcc40d-d5ed-4e4d-8263-a0bbb47b2203,bcb6b6e0-1503-487a-a674-ef8196631fd8,True
2026-06-23 23:43:45,Republican Presidential Nominee 2028 - Glenn Youngkin,myriad,polymarket,0.00509,0.013,0.7908,1,identity,0.00509195,0.00509195,0.013,0.014,20552799.77,8078237.26,2100-01-01 00:01:00+00:00,90635c56-47ad-4aa5-a9f4-6e0f6da5e9d4,f5ffc59f-a722-4675-9237-3b1a317120f7,False
2026-06-23 23:43:45,World Cup Winner  - Will England win the 2026 FIFA World Cup?,polymarket,opinion,0.107,0.114,0.7,1,identity,0.106,0.107,0.114,0.119,44947653.92,1342014.93,2026-07-20 00:00:00+00:00,ca031f06-41c2-463f-a7dd-7fcfb8ac5f4d,6171ee39-0cc7-47a9-801f-355fcad5c032,False
2026-06-23 23:43:45,World Cup Winner  - Will France win the 2026 FIFA World Cup?,polymarket,kalshi,0.192,0.199,0.7,1,identity,0.191,0.192,0.199,0.207,59222102.77,22663477.85,2026-07-20 00:00:00+00:00,34442783-2665-4a51-97ae-1fbe9c8d9bb1,5497c7f2-2c3d-4cd6-b845-45e7b37c1736,True
2026-06-23 23:43:45,World Cup Winner  - Will Brazil win the 2026 FIFA World Cup?,polymarket,opinion,0.053,0.06,0.7,1,identity,0.052,0.053,0.06,0.083,43381274.87,1318461.2,2026-07-20 00:00:00+00:00,f5534629-281b-4d48-8ce1-18e33d100cd8,cc920f2d-6795-4262-8c16-1a49889badb2,False
2026-06-23 23:43:45,Republican Presidential Nominee 2028 - Ivanka Trump,myriad,polymarket,0.0036,0.01,0.6402,1,identity,0.00359794,0.00359794,0.01,0.011,20552799.77,7946997.58,2100-01-01 00:01:00+00:00,322e9b4b-d19d-4709-87f8-00d63bed45b8,b5c90800-84f4-4655-8530-5241268f6948,False
2026-06-23 23:43:45,Republican Presidential Nominee 2028 - Rand Paul,myriad,polymarket,0.00327,0.009,0.5726,1,identity,0.0032742,0.0032742,0.009,0.01,20552799.77,18943117.85,2100-01-01 00:01:00+00:00,79af93b0-413d-4012-beb5-4bcb3a043f6c,2d871045-5593-4fc4-8bd7-29c7b579f3ac,False
2026-06-23 23:43:45,Republican Presidential Nominee 2028 - Elon Musk,myriad,polymarket,0.0035,0.009,0.5495,1,identity,0.00350489,0.00350489,0.009,0.01,20552799.77,28355893.21,2100-01-01 00:01:00+00:00,0b082490-2549-4e6b-bec0-d2b1ef66f4f3,8ca00001-67eb-4a78-bda5-00472c883bed,False
2026-06-23 23:43:45,Republican Presidential Nominee 2028 - Glenn Youngkin,myriad,kalshi,0.00509,0.01,0.4908,1,identity,0.00509195,0.00509195,0.01,0.012,20552799.77,919636.1,2100-01-01 00:01:00+00:00,90635c56-47ad-4aa5-a9f4-6e0f6da5e9d4,91b44a30-b554-43ea-b960-a0b5e7f8598e,False
2026-06-23 23:43:45,Republican Presidential Nominee 2028 - Tom Brady,myriad,polymarket,0.00322,0.008,0.4778,1,identity,0.00322218,0.00322218,0.008,0.009,20552799.77,32628240.58,2100-01-01 00:01:00+00:00,da90005c-1dad-420b-9953-10914b8951a3,ee01237b-9f83-49ca-9544-096dc77a32ff,False
2026-06-23 23:43:45,Republican Presidential Nominee 2028 - Katie Britt,myriad,polymarket,0.00336,0.008,0.4641,1,identity,0.0033586,0.0033586,0.008,0.009,20552799.77,28396288.73,2100-01-01 00:01:00+00:00,dc45ffc8-cd6e-4976-aaed-1c0e0c12bdeb,ed1e00a3-93f9-42bf-9579-e218f3e2a3b8,False
2026-06-23 23:43:45,Republican Presidential Nominee 2028 - Nikki Haley,myriad,polymarket,0.00336,0.008,0.464,1,identity,0.00336001,0.00336001,0.008,0.009,20552799.77,9946633.94,2100-01-01 00:01:00+00:00,66cee2f4-f1e4-4f20-bf2b-a3d381d14320,729d7246-428e-4b72-b25a-f61a270957d6,False
2026-06-23 23:43:45,Republican Presidential Nominee 2028 - Kim Kardashian,myriad,polymarket,0.00337,0.008,0.463,1,identity,0.00336967,0.00336967,0.008,0.009,20552799.77,27921270.07,2100-01-01 00:01:00+00:00,94d88697-bff1-4236-8c19-bd4705e5f203,876ac5d1-6f79-4844-94f3-7ab712c081f0,False
2026-06-23 23:43:45,Republican Presidential Nominee 2028 - Josh Hawley,myriad,polymarket,0.00338,0.008,0.4619,1,identity,0.00338121,0.00338121,0.008,0.009,20552799.77,19798210.12,2100-01-01 00:01:00+00:00,ef874195-a416-4072-bbaa-c898d2304f87,2937a08d-6e9e-4c94-9144-cfe6ad0f2b18,False
2026-06-23 23:43:45,Republican Presidential Nominee 2028 - Josh Hawley,myriad,kalshi,0.00338,0.008,0.4619,1,identity,0.00338121,0.00338121,0.008,0.009,20552799.77,1278136.85,2100-01-01 00:01:00+00:00,ef874195-a416-4072-bbaa-c898d2304f87,147006b3-9b46-439e-a871-7f598a9aaa94,False
2026-06-23 23:43:45,Republican Presidential Nominee 2028 - Byron Donalds,myriad,polymarket,0.00322,0.007,0.378,1,identity,0.00321962,0.00321962,0.007,0.008,20552799.77,43910452.07,2100-01-01 00:01:00+00:00,dd1d4f91-0e2a-43c5-87de-9cafa156fe86,4834b1e4-9acc-4a10-83f1-55fcf7cee974,False
2026-06-23 23:43:45,Republican Presidential Nominee 2028 - Erika Kirk,myriad,polymarket,0.00323,0.007,0.377,1,identity,0.00322995,0.00322995,0.007,0.008,20552799.77,18126807.8,2100-01-01 00:01:00+00:00,4953f578-5357-4c4d-9770-94fca0be62a8,0dbeaed5-33a2-4e38-92e7-519dfda2c9b3,False
2026-06-23 23:43:45,Republican Presidential Nominee 2028 - Matt Gaetz,myriad,polymarket,0.00328,0.007,0.3718,1,identity,0.0032821,0.0032821,0.007,0.008,20552799.77,19567719.65,2100-01-01 00:01:00+00:00,e3c94a65-324f-4a70-baeb-cddd359bfe2c,5cdcac5b-4170-43ae-84bf-6befcd238e5e,False
2026-06-23 23:43:45,2026 FIFA World Cup Winner - Norway,opinion,polymarket,0.027,0.03,0.3,1,identity,0.025,0.027,0.03,0.031,35351620.77,54483733.47,2026-07-20 00:00:00+00:00,9e10c052-4664-4074-b71c-5e026b875167,98d60821-b0a9-4a3e-b083-4f1f702653d5,False
2026-06-23 23:43:45,Republican Presidential Nominee 2028 - John Thune,myriad,polymarket,0.00329,0.006,0.2712,1,identity,0.00328759,0.00328759,0.006,0.007,20552799.77,35099662.74,2100-01-01 00:01:00+00:00,ca22f9a0-212f-4f37-ac84-03e505d1f28c,099a36e8-4ca1-4d00-a968-53b63cda70e5,False
2026-06-23 23:43:45,Republican Presidential Nominee 2028 - Nikki Haley,myriad,kalshi,0.00336,0.006,0.264,1,identity,0.00336001,0.00336001,0.006,0.007,20552799.77,1741283.46,2100-01-01 00:01:00+00:00,66cee2f4-f1e4-4f20-bf2b-a3d381d14320,1cc46cb0-7f19-40bb-9606-52c1b5c6e0be,False
2026-06-23 23:43:45,Republican Presidential Nominee 2028 - Ted Cruz,myriad,kalshi,0.00688,0.009,0.2117,1,identity,0.00688302,0.00688302,0.009,0.01,20552799.77,1206532.33,2100-01-01 00:01:00+00:00,01f94550-7298-4a62-aaad-967860ceec36,c6f6dccb-cca3-4dac-88a1-c423f3a9d420,False
2026-06-23 23:43:45,Republican Presidential Nominee 2028 - Kristi Noem,myriad,polymarket,0.00432,0.006,0.1677,1,identity,0.00432331,0.00432331,0.006,0.007,20552799.77,34521980.48,2100-01-01 00:01:00+00:00,4b4e704e-9db5-4556-8824-7c1f79720463,ac0732ef-77dc-405f-ae81-7741d4bc0bc0,False
2026-06-23 23:43:45,World Cup Winner  - Will Spain win the 2026 FIFA World Cup?,polymarket,limitless,0.139,0.14,0.1,1,identity,0.138,0.139,0.14,0.15,53040410.83,9648337576,2026-07-20 00:00:00+00:00,4b99f70c-9ffc-41f6-86e1-34ddf1052be7,545c992d-369f-4010-b75f-32fa67e35baf,True
2026-06-23 23:43:45,Republican Presidential Nominee 2028 - Katie Britt,myriad,kalshi,0.00336,0.004,0.0641,1,identity,0.0033586,0.0033586,0.004,0.005,20552799.77,624511.77,2100-01-01 00:01:00+00:00,dc45ffc8-cd6e-4976-aaed-1c0e0c12bdeb,d481240e-7bbe-48cf-b9f8-d15b7e5dd8de,False
2026-06-24 18:16:24,Republican Presidential Nominee 2028 - Donald Trump,limitless,myriad,0.029,0.28611,25.7111,1,identity,0.019,0.029,0.28611066,0.28611066,5466658389,21081900.36,2028-11-08 00:00:00+00:00,136f7cb1-4c27-4efa-8e44-16772d98ccd8,83666797-983b-4e26-b810-9dc8e34b2e5a,False
2026-06-24 18:16:24,Republican Presidential Nominee 2028 - Tucker Carlson,myriad,limitless,0.00745,0.053,4.5552,1,identity,0.00744809,0.00744809,0.053,0.054,21081900.36,114925000,2100-01-01 00:01:00+00:00,0c92b5bd-457c-4e94-8c3f-f4681744bf4f,84222a4d-18be-4561-b198-d187f59892d0,False
2026-06-24 18:16:24,Republican Presidential Nominee 2028 - Ron DeSantis,myriad,kalshi,0.01091,0.043,3.2086,1,identity,0.01091421,0.01091421,0.043,0.045,21081900.36,2474134.53,2100-01-01 00:01:00+00:00,f5bee072-802a-426a-bb24-fe90a64c619f,8feeb232-fdb2-433f-a81c-b34dd910cebe,False
2026-06-24 18:16:24,LoL: Worlds 2026 Winning Region - LCP (Asia-Pacific),opinion,myriad,0.023,0.04796,2.4956,1,identity,0.002,0.023,0.0479557,0.0479557,229411188.0,5270265.51,2026-12-31 00:00:00+00:00,d1e15f29-094c-47ee-ab5b-150c429894a8,d6a87e01-6a26-4eb8-a3d5-1c28f47b3273,False
2026-06-24 18:16:24,Republican Presidential Nominee 2028 - Ron DeSantis,myriad,opinion,0.01091,0.028,1.7086,1,identity,0.01091421,0.01091421,0.028,0.859,21081900.36,6661240.12,2100-01-01 00:01:00+00:00,f5bee072-802a-426a-bb24-fe90a64c619f,f5fc4471-68a5-4e62-a273-48c485ffd1f7,False
2026-06-24 18:16:24,2026 FIFA World Cup Winner - France,limitless,kalshi,0.178,0.194,1.6,1,identity,0.177,0.178,0.194,0.2,15000206901,23293693.87,2026-10-14 00:00:00+00:00,3ab6db43-85ca-4ab2-a8a8-822db745df9b,5497c7f2-2c3d-4cd6-b845-45e7b37c1736,True
2026-06-24 18:16:24,2026 FIFA World Cup Winner - France,limitless,polymarket,0.178,0.193,1.5,1,identity,0.177,0.178,0.193,0.194,15000206901,59222102.77,2026-10-14 00:00:00+00:00,3ab6db43-85ca-4ab2-a8a8-822db745df9b,34442783-2665-4a51-97ae-1fbe9c8d9bb1,True
2026-06-24 18:16:24,Republican Presidential Nominee 2028 - Ron DeSantis,myriad,polymarket,0.01091,0.023,1.2086,1,identity,0.01091421,0.01091421,0.023,0.024,21081900.36,14235763.95,2100-01-01 00:01:00+00:00,f5bee072-802a-426a-bb24-fe90a64c619f,9546e10b-9758-4101-9e84-85fffe2e643d,False
2026-06-24 18:16:24,LPL 2026 Season Winner - Will EDward Gaming win the LPL 2026 season?,polymarket,opinion,0.002,0.011,0.9,1,identity,0.001,0.002,0.011,0.022,41660.56,25216409.88,2026-12-31 00:00:00+00:00,f9161714-9c1a-4c2c-a247-659911ad133e,c9705ca6-7adc-4cac-a986-335626555a47,False
2026-06-24 18:16:24,2026 FIFA World Cup Winner - Netherlands,opinion,kalshi,0.054,0.062,0.8,1,identity,0.039,0.054,0.062,0.065,34175341.94,22925306.71,2026-07-20 00:00:00+00:00,9a3e0027-8362-4f8f-b6ec-d1d85bf2a7bd,9ec4c7cd-6a44-4730-82bf-749c642127bd,False
2026-06-24 18:16:24,World Cup Winner  - Will Portugal win the 2026 FIFA World Cup?,polymarket,kalshi,0.078,0.085,0.7,1,identity,0.075,0.078,0.085,0.088,53968886.35,26038428.72,2026-07-20 00:00:00+00:00,52dcc40d-d5ed-4e4d-8263-a0bbb47b2203,bcb6b6e0-1503-487a-a674-ef8196631fd8,True
2026-06-24 18:16:24,Republican Presidential Nominee 2028 - Ivanka Trump,myriad,polymarket,0.0031,0.01,0.6905,1,identity,0.00309535,0.00309535,0.01,0.011,21081900.36,7946997.58,2100-01-01 00:01:00+00:00,322e9b4b-d19d-4709-87f8-00d63bed45b8,b5c90800-84f4-4655-8530-5241268f6948,False
2026-06-24 18:16:24,Republican Presidential Nominee 2028 - Glenn Youngkin,myriad,polymarket,0.00721,0.013,0.5794,1,identity,0.00720558,0.00720558,0.013,0.014,21081900.36,8078237.26,2100-01-01 00:01:00+00:00,90635c56-47ad-4aa5-a9f4-6e0f6da5e9d4,f5ffc59f-a722-4675-9237-3b1a317120f7,False
2026-06-24 18:16:24,Republican Presidential Nominee 2028 - Donald Trump Jr,myriad,polymarket,0.01936,0.025,0.5637,1,identity,0.0193625,0.0193625,0.025,0.026,21081900.36,8894193.52,2100-01-01 00:01:00+00:00,357a00cc-7816-4d58-8d5d-c1e2cafc8463,4fef1385-e4e5-4091-891a-0ef1c15762bf,False
2026-06-24 18:16:24,2026 FIFA World Cup Winner - Norway,opinion,polymarket,0.027,0.031,0.4,1,identity,0.026,0.027,0.031,0.032,35351631.78,54483733.47,2026-07-20 00:00:00+00:00,9e10c052-4664-4074-b71c-5e026b875167,98d60821-b0a9-4a3e-b083-4f1f702653d5,False
2026-06-24 18:16:24,Will Byron Donalds be the nominee for the Presidency for the Republican party?,kalshi,myriad,0.004,0.00784,0.3841,1,identity,0.003,0.004,0.00784086,0.00784086,825641.12,21081900.36,2028-11-07 15:00:00+00:00,feaccc97-a439-4167-a49a-6988a156447c,dd1d4f91-0e2a-43c5-87de-9cafa156fe86,False
2026-06-24 18:16:24,Republican Presidential Nominee 2028 - Nikki Haley,myriad,polymarket,0.00456,0.008,0.3439,1,identity,0.00456093,0.00456093,0.008,0.009,21081900.36,9946633.94,2100-01-01 00:01:00+00:00,66cee2f4-f1e4-4f20-bf2b-a3d381d14320,729d7246-428e-4b72-b25a-f61a270957d6,False
2026-06-24 18:16:24,Republican Presidential Nominee 2028 - Josh Hawley,myriad,kalshi,0.00464,0.008,0.3361,1,identity,0.0046393,0.0046393,0.008,0.009,21081900.36,1278447.02,2100-01-01 00:01:00+00:00,ef874195-a416-4072-bbaa-c898d2304f87,147006b3-9b46-439e-a871-7f598a9aaa94,False
2026-06-24 18:16:24,Republican Presidential Nominee 2028 - Josh Hawley,myriad,polymarket,0.00464,0.008,0.3361,1,identity,0.0046393,0.0046393,0.008,0.009,21081900.36,19798210.12,2100-01-01 00:01:00+00:00,ef874195-a416-4072-bbaa-c898d2304f87,2937a08d-6e9e-4c94-9144-cfe6ad0f2b18,False
2026-06-24 18:16:24,Republican Presidential Nominee 2028 - Rand Paul,myriad,polymarket,0.00593,0.009,0.3073,1,identity,0.00592705,0.00592705,0.009,0.01,21081900.36,18943117.85,2100-01-01 00:01:00+00:00,79af93b0-413d-4012-beb5-4bcb3a043f6c,2d871045-5593-4fc4-8bd7-29c7b579f3ac,False
2026-06-24 18:16:24,Republican Presidential Nominee 2028 - Elon Musk,myriad,polymarket,0.00631,0.009,0.2692,1,identity,0.00630838,0.00630838,0.009,0.01,21081900.36,28355893.21,2100-01-01 00:01:00+00:00,0b082490-2549-4e6b-bec0-d2b1ef66f4f3,8ca00001-67eb-4a78-bda5-00472c883bed,False
2026-06-24 18:16:24,Republican Presidential Nominee 2028 - Erika Kirk,myriad,polymarket,0.00471,0.007,0.2287,1,identity,0.00471305,0.00471305,0.007,0.008,21081900.36,18126807.8,2100-01-01 00:01:00+00:00,4953f578-5357-4c4d-9770-94fca0be62a8,0dbeaed5-33a2-4e38-92e7-519dfda2c9b3,False
2026-06-24 18:16:24,Republican Presidential Nominee 2028 - Kim Kardashian,myriad,polymarket,0.00576,0.008,0.2244,1,identity,0.00575623,0.00575623,0.008,0.009,21081900.36,27921270.07,2100-01-01 00:01:00+00:00,94d88697-bff1-4236-8c19-bd4705e5f203,876ac5d1-6f79-4844-94f3-7ab712c081f0,False
2026-06-24 18:16:24,Republican Presidential Nominee 2028 - Tom Brady,myriad,polymarket,0.00579,0.008,0.2209,1,identity,0.00579149,0.00579149,0.008,0.009,21081900.36,32628240.58,2100-01-01 00:01:00+00:00,da90005c-1dad-420b-9953-10914b8951a3,ee01237b-9f83-49ca-9544-096dc77a32ff,False
2026-06-24 18:16:24,Republican Presidential Nominee 2028 - Will Katie Britt win the 2028 Republican ,polymarket,myriad,0.009,0.01032,0.1318,1,identity,0.008,0.009,0.01031756,0.01031756,28396288.73,21081900.36,2028-11-07 00:00:00+00:00,ed1e00a3-93f9-42bf-9579-e218f3e2a3b8,dc45ffc8-cd6e-4976-aaed-1c0e0c12bdeb,False
2026-06-24 18:16:24,Republican Presidential Nominee 2028 - Matt Gaetz,myriad,polymarket,0.0059,0.007,0.1098,1,identity,0.00590196,0.00590196,0.007,0.008,21081900.36,19567719.65,2100-01-01 00:01:00+00:00,e3c94a65-324f-4a70-baeb-cddd359bfe2c,5cdcac5b-4170-43ae-84bf-6befcd238e5e,False
2026-06-24 18:16:24,Republican Presidential Nominee 2028 - Will Kristi Noem win the 2028 Republican ,polymarket,myriad,0.007,0.00769,0.0687,1,identity,0.006,0.007,0.00768697,0.00768697,34521980.48,21081900.36,2028-11-07 00:00:00+00:00,ac0732ef-77dc-405f-ae81-7741d4bc0bc0,4b4e704e-9db5-4556-8824-7c1f79720463,False
2026-06-24 21:43:23,Republican Presidential Nominee 2028 - Donald Trump,limitless,myriad,0.029,0.13522,10.6223,1,identity,0.019,0.029,0.13522276,0.13522276,5466658389,21233238.77,2028-11-08 00:00:00+00:00,136f7cb1-4c27-4efa-8e44-16772d98ccd8,83666797-983b-4e26-b810-9dc8e34b2e5a,False
2026-06-24 21:43:23,Republican Presidential Nominee 2028 - Marco Rubio,myriad,opinion,0.0864,0.181,9.4596,1,identity,0.08640427,0.08640427,0.181,0.683,21233238.77,74613.84,2100-01-01 00:01:00+00:00,b367e7ee-ec13-429c-907d-b59aeea6b897,86ff7a87-632c-4243-9530-6c50ed51abfa,False
2026-06-24 21:43:23,Republican Presidential Nominee 2028 - Tucker Carlson,myriad,limitless,0.00726,0.051,4.3742,1,identity,0.00725803,0.00725803,0.051,0.054,21233238.77,114925000,2100-01-01 00:01:00+00:00,0c92b5bd-457c-4e94-8c3f-f4681744bf4f,84222a4d-18be-4561-b198-d187f59892d0,False
2026-06-24 21:43:23,LoL: Worlds 2026 Winning Region - LCP (Asia-Pacific),opinion,myriad,0.023,0.04763,2.4626,1,identity,0.002,0.023,0.04762588,0.04762588,229411188.0,5270445.51,2026-12-31 00:00:00+00:00,d1e15f29-094c-47ee-ab5b-150c429894a8,d6a87e01-6a26-4eb8-a3d5-1c28f47b3273,False
2026-06-24 21:43:23,Republican Presidential Nominee 2028 - Ron DeSantis,myriad,opinion,0.01048,0.028,1.7517,1,identity,0.01048269,0.01048269,0.028,0.876,21233238.77,6661240.12,2100-01-01 00:01:00+00:00,f5bee072-802a-426a-bb24-fe90a64c619f,f5fc4471-68a5-4e62-a273-48c485ffd1f7,False
2026-06-24 21:43:23,2026 FIFA World Cup Winner - France,limitless,kalshi,0.178,0.195,1.7,1,identity,0.177,0.178,0.195,0.204,15000206901,23440727.17,2026-10-14 00:00:00+00:00,3ab6db43-85ca-4ab2-a8a8-822db745df9b,5497c7f2-2c3d-4cd6-b845-45e7b37c1736,True
2026-06-24 21:43:23,2026 FIFA World Cup Winner - France,limitless,polymarket,0.178,0.193,1.5,1,identity,0.177,0.178,0.193,0.194,15000206901,59222102.77,2026-10-14 00:00:00+00:00,3ab6db43-85ca-4ab2-a8a8-822db745df9b,34442783-2665-4a51-97ae-1fbe9c8d9bb1,True
2026-06-24 21:43:23,Republican Presidential Nominee 2028 - Ron DeSantis,myriad,polymarket,0.01048,0.023,1.2517,1,identity,0.01048269,0.01048269,0.023,0.024,21233238.77,14235763.95,2100-01-01 00:01:00+00:00,f5bee072-802a-426a-bb24-fe90a64c619f,9546e10b-9758-4101-9e84-85fffe2e643d,False
2026-06-24 21:43:23,2026 FIFA World Cup Winner - Netherlands,opinion,kalshi,0.054,0.064,1.0,1,identity,0.039,0.054,0.064,0.07,34175341.94,23188212.93,2026-07-20 00:00:00+00:00,9a3e0027-8362-4f8f-b6ec-d1d85bf2a7bd,9ec4c7cd-6a44-4730-82bf-749c642127bd,False
2026-06-24 21:43:23,LPL 2026 Season Winner - Will EDward Gaming win the LPL 2026 season?,polymarket,opinion,0.002,0.011,0.9,1,identity,0.001,0.002,0.011,0.022,41660.56,25216409.88,2026-12-31 00:00:00+00:00,f9161714-9c1a-4c2c-a247-659911ad133e,c9705ca6-7adc-4cac-a986-335626555a47,False
2026-06-24 21:43:23,World Cup Winner  - Will Portugal win the 2026 FIFA World Cup?,polymarket,kalshi,0.078,0.084,0.6,1,identity,0.077,0.078,0.084,0.088,53968886.35,26208531.81,2026-07-20 00:00:00+00:00,52dcc40d-d5ed-4e4d-8263-a0bbb47b2203,bcb6b6e0-1503-487a-a674-ef8196631fd8,True
2026-06-24 21:43:23,Republican Presidential Nominee 2028 - Donald Trump Jr,myriad,polymarket,0.01928,0.025,0.5719,1,identity,0.01928084,0.01928084,0.025,0.026,21233238.77,8894193.52,2100-01-01 00:01:00+00:00,357a00cc-7816-4d58-8d5d-c1e2cafc8463,4fef1385-e4e5-4091-891a-0ef1c15762bf,False
2026-06-24 21:43:23,Republican Presidential Nominee 2028 - Glenn Youngkin,myriad,polymarket,0.0074,0.013,0.5603,1,identity,0.00739661,0.00739661,0.013,0.014,21233238.77,8078237.26,2100-01-01 00:01:00+00:00,90635c56-47ad-4aa5-a9f4-6e0f6da5e9d4,f5ffc59f-a722-4675-9237-3b1a317120f7,False
2026-06-24 21:43:23,Republican Presidential Nominee 2028 - Ivanka Trump,myriad,polymarket,0.00516,0.01,0.4842,1,identity,0.00515795,0.00515795,0.01,0.011,21233238.77,7946997.58,2100-01-01 00:01:00+00:00,322e9b4b-d19d-4709-87f8-00d63bed45b8,b5c90800-84f4-4655-8530-5241268f6948,False
2026-06-24 21:43:23,Republican Presidential Nominee 2028 - Elon Musk,myriad,polymarket,0.00472,0.009,0.4281,1,identity,0.00471919,0.00471919,0.009,0.01,21233238.77,28355893.21,2100-01-01 00:01:00+00:00,0b082490-2549-4e6b-bec0-d2b1ef66f4f3,8ca00001-67eb-4a78-bda5-00472c883bed,False
2026-06-24 21:43:23,Republican Presidential Nominee 2028 - Rand Paul,myriad,polymarket,0.0048,0.009,0.4199,1,identity,0.00480057,0.00480057,0.009,0.01,21233238.77,18943117.85,2100-01-01 00:01:00+00:00,79af93b0-413d-4012-beb5-4bcb3a043f6c,2d871045-5593-4fc4-8bd7-29c7b579f3ac,False
2026-06-24 21:43:23,2026 FIFA World Cup Winner - Norway,opinion,polymarket,0.027,0.031,0.4,1,identity,0.024,0.027,0.031,0.032,35351646.9,54483733.47,2026-07-20 00:00:00+00:00,9e10c052-4664-4074-b71c-5e026b875167,98d60821-b0a9-4a3e-b083-4f1f702653d5,False
2026-06-24 21:43:23,Republican Presidential Nominee 2028 - Josh Hawley,myriad,polymarket,0.00434,0.008,0.3656,1,identity,0.00434371,0.00434371,0.008,0.009,21233238.77,19798210.12,2100-01-01 00:01:00+00:00,ef874195-a416-4072-bbaa-c898d2304f87,2937a08d-6e9e-4c94-9144-cfe6ad0f2b18,False
2026-06-24 21:43:23,Republican Presidential Nominee 2028 - Josh Hawley,myriad,kalshi,0.00434,0.008,0.3656,1,identity,0.00434371,0.00434371,0.008,0.009,21233238.77,1278447.02,2100-01-01 00:01:00+00:00,ef874195-a416-4072-bbaa-c898d2304f87,147006b3-9b46-439e-a871-7f598a9aaa94,False
2026-06-24 21:43:23,Republican Presidential Nominee 2028 - Nikki Haley,myriad,polymarket,0.00456,0.008,0.3439,1,identity,0.00456093,0.00456093,0.008,0.009,21233238.77,9946633.94,2100-01-01 00:01:00+00:00,66cee2f4-f1e4-4f20-bf2b-a3d381d14320,729d7246-428e-4b72-b25a-f61a270957d6,False
2026-06-24 21:43:23,Republican Presidential Nominee 2028 - Katie Britt,myriad,polymarket,0.00462,0.008,0.3376,1,identity,0.0046236,0.0046236,0.008,0.009,21233238.77,28396288.73,2100-01-01 00:01:00+00:00,dc45ffc8-cd6e-4976-aaed-1c0e0c12bdeb,ed1e00a3-93f9-42bf-9579-e218f3e2a3b8,False
2026-06-24 21:43:23,Republican Presidential Nominee 2028 - Kim Kardashian,myriad,polymarket,0.00464,0.008,0.3365,1,identity,0.00463523,0.00463523,0.008,0.009,21233238.77,27921270.07,2100-01-01 00:01:00+00:00,94d88697-bff1-4236-8c19-bd4705e5f203,876ac5d1-6f79-4844-94f3-7ab712c081f0,False
2026-06-24 21:43:23,Republican Presidential Nominee 2028 - Erika Kirk,myriad,polymarket,0.0047,0.007,0.23,1,identity,0.00469971,0.00469971,0.007,0.008,21233238.77,18126807.8,2100-01-01 00:01:00+00:00,4953f578-5357-4c4d-9770-94fca0be62a8,0dbeaed5-33a2-4e38-92e7-519dfda2c9b3,False
2026-06-24 21:43:23,Republican Presidential Nominee 2028 - Tom Brady,myriad,polymarket,0.00579,0.008,0.2209,1,identity,0.00579149,0.00579149,0.008,0.009,21233238.77,32628240.58,2100-01-01 00:01:00+00:00,da90005c-1dad-420b-9953-10914b8951a3,ee01237b-9f83-49ca-9544-096dc77a32ff,False
2026-06-24 21:43:23,Republican Presidential Nominee 2028 - John Thune,myriad,polymarket,0.00459,0.006,0.1411,1,identity,0.00458884,0.00458884,0.006,0.007,21233238.77,35099662.74,2100-01-01 00:01:00+00:00,ca22f9a0-212f-4f37-ac84-03e505d1f28c,099a36e8-4ca1-4d00-a968-53b63cda70e5,False
2026-06-24 21:43:23,Republican Presidential Nominee 2028 - Byron Donalds,myriad,polymarket,0.00587,0.007,0.1127,1,identity,0.00587282,0.00587282,0.007,0.008,21233238.77,43910452.07,2100-01-01 00:01:00+00:00,dd1d4f91-0e2a-43c5-87de-9cafa156fe86,4834b1e4-9acc-4a10-83f1-55fcf7cee974,False
2026-06-24 21:43:23,Republican Presidential Nominee 2028 - Matt Gaetz,myriad,polymarket,0.0059,0.007,0.1098,1,identity,0.00590196,0.00590196,0.007,0.008,21233238.77,19567719.65,2100-01-01 00:01:00+00:00,e3c94a65-324f-4a70-baeb-cddd359bfe2c,5cdcac5b-4170-43ae-84bf-6befcd238e5e,False
2026-06-24 21:43:23,World Cup Winner  - Will Spain win the 2026 FIFA World Cup?,polymarket,limitless,0.139,0.14,0.1,1,identity,0.138,0.139,0.14,0.15,53040410.83,9648337576,2026-07-20 00:00:00+00:00,4b99f70c-9ffc-41f6-86e1-34ddf1052be7,545c992d-369f-4010-b75f-32fa67e35baf,True
2026-06-24 21:43:23,World Cup Winner  - Will France win the 2026 FIFA World Cup?,polymarket,kalshi,0.194,0.195,0.1,1,identity,0.193,0.194,0.195,0.204,59222102.77,23440727.17,2026-07-20 00:00:00+00:00,34442783-2665-4a51-97ae-1fbe9c8d9bb1,5497c7f2-2c3d-4cd6-b845-45e7b37c1736,True
2026-06-24 21:43:23,Will Steve Bannon be the nominee for the Presidency for the Republican party?,kalshi,myriad,0.004,0.00445,0.0445,1,identity,0.003,0.004,0.00444549,0.00444549,733923.2,21233238.77,2028-11-07 15:00:00+00:00,694de439-e8fd-4ba0-bf0e-f52fd89138f9,dc76a798-48d6-445b-8329-439de810a264,False
2026-06-24 21:43:23,Republican Presidential Nominee 2028 - Kristi Noem,myriad,polymarket,0.00585,0.006,0.0152,1,identity,0.00584845,0.00584845,0.006,0.007,21233238.77,34521980.48,2100-01-01 00:01:00+00:00,4b4e704e-9db5-4556-8824-7c1f79720463,ac0732ef-77dc-405f-ae81-7741d4bc0bc0,False
2026-06-24 21:49:58,Republican Presidential Nominee 2028 - Donald Trump,limitless,myriad,0.029,0.13522,10.6223,1,identity,0.019,0.029,0.13522276,0.13522276,5466658389,21233238.77,2028-11-08 00:00:00+00:00,136f7cb1-4c27-4efa-8e44-16772d98ccd8,83666797-983b-4e26-b810-9dc8e34b2e5a,False
2026-06-24 21:49:58,Republican Presidential Nominee 2028 - Marco Rubio,myriad,opinion,0.0864,0.181,9.4596,1,identity,0.08640427,0.08640427,0.181,0.683,21233238.77,74613.84,2100-01-01 00:01:00+00:00,b367e7ee-ec13-429c-907d-b59aeea6b897,86ff7a87-632c-4243-9530-6c50ed51abfa,False
2026-06-24 21:49:58,Republican Presidential Nominee 2028 - Tucker Carlson,myriad,limitless,0.00726,0.051,4.3742,1,identity,0.00725803,0.00725803,0.051,0.054,21233238.77,114925000,2100-01-01 00:01:00+00:00,0c92b5bd-457c-4e94-8c3f-f4681744bf4f,84222a4d-18be-4561-b198-d187f59892d0,False
2026-06-24 21:49:58,Republican Presidential Nominee 2028 - Ron DeSantis,myriad,kalshi,0.01048,0.043,3.2517,1,identity,0.01048269,0.01048269,0.043,0.045,21233238.77,2474155.25,2100-01-01 00:01:00+00:00,f5bee072-802a-426a-bb24-fe90a64c619f,8feeb232-fdb2-433f-a81c-b34dd910cebe,False
2026-06-24 21:49:58,LoL: Worlds 2026 Winning Region - LCP (Asia-Pacific),opinion,myriad,0.023,0.04763,2.4626,1,identity,0.002,0.023,0.04762588,0.04762588,229411188.0,5270445.51,2026-12-31 00:00:00+00:00,d1e15f29-094c-47ee-ab5b-150c429894a8,d6a87e01-6a26-4eb8-a3d5-1c28f47b3273,False
2026-06-24 21:49:58,Republican Presidential Nominee 2028 - Ron DeSantis,myriad,opinion,0.01048,0.028,1.7517,1,identity,0.01048269,0.01048269,0.028,0.873,21233238.77,6661240.12,2100-01-01 00:01:00+00:00,f5bee072-802a-426a-bb24-fe90a64c619f,f5fc4471-68a5-4e62-a273-48c485ffd1f7,False
2026-06-24 21:49:58,2026 FIFA World Cup Winner - France,limitless,kalshi,0.178,0.194,1.6,1,identity,0.177,0.178,0.194,0.201,15000206901,23443046,2026-10-14 00:00:00+00:00,3ab6db43-85ca-4ab2-a8a8-822db745df9b,5497c7f2-2c3d-4cd6-b845-45e7b37c1736,True
2026-06-24 21:49:58,2026 FIFA World Cup Winner - France,limitless,polymarket,0.178,0.193,1.5,1,identity,0.177,0.178,0.193,0.194,15000206901,59222102.77,2026-10-14 00:00:00+00:00,3ab6db43-85ca-4ab2-a8a8-822db745df9b,34442783-2665-4a51-97ae-1fbe9c8d9bb1,True
2026-06-24 21:49:58,Republican Presidential Nominee 2028 - Ron DeSantis,myriad,polymarket,0.01048,0.023,1.2517,1,identity,0.01048269,0.01048269,0.023,0.024,21233238.77,14235763.95,2100-01-01 00:01:00+00:00,f5bee072-802a-426a-bb24-fe90a64c619f,9546e10b-9758-4101-9e84-85fffe2e643d,False
2026-06-24 21:49:58,2026 FIFA World Cup Winner - Netherlands,opinion,kalshi,0.054,0.065,1.1,1,identity,0.039,0.054,0.065,0.069,34175341.94,23190592.62,2026-07-20 00:00:00+00:00,9a3e0027-8362-4f8f-b6ec-d1d85bf2a7bd,9ec4c7cd-6a44-4730-82bf-749c642127bd,False
2026-06-24 21:49:58,LPL 2026 Season Winner - Will EDward Gaming win the LPL 2026 season?,polymarket,opinion,0.002,0.011,0.9,1,identity,0.001,0.002,0.011,0.022,41660.56,25216409.88,2026-12-31 00:00:00+00:00,f9161714-9c1a-4c2c-a247-659911ad133e,c9705ca6-7adc-4cac-a986-335626555a47,False
2026-06-24 21:49:58,World Cup Winner  - Will Portugal win the 2026 FIFA World Cup?,polymarket,kalshi,0.078,0.084,0.6,1,identity,0.077,0.078,0.084,0.088,53968886.35,26213262.14,2026-07-20 00:00:00+00:00,52dcc40d-d5ed-4e4d-8263-a0bbb47b2203,bcb6b6e0-1503-487a-a674-ef8196631fd8,True
2026-06-24 21:49:58,Republican Presidential Nominee 2028 - Donald Trump Jr,myriad,polymarket,0.01928,0.025,0.5719,1,identity,0.01928084,0.01928084,0.025,0.026,21233238.77,8894193.52,2100-01-01 00:01:00+00:00,357a00cc-7816-4d58-8d5d-c1e2cafc8463,4fef1385-e4e5-4091-891a-0ef1c15762bf,False
2026-06-24 21:49:58,Republican Presidential Nominee 2028 - Glenn Youngkin,myriad,polymarket,0.0074,0.013,0.5603,1,identity,0.00739661,0.00739661,0.013,0.014,21233238.77,8078237.26,2100-01-01 00:01:00+00:00,90635c56-47ad-4aa5-a9f4-6e0f6da5e9d4,f5ffc59f-a722-4675-9237-3b1a317120f7,False
2026-06-24 21:49:58,Republican Presidential Nominee 2028 - Ivanka Trump,myriad,polymarket,0.00516,0.01,0.4842,1,identity,0.00515795,0.00515795,0.01,0.011,21233238.77,7946997.58,2100-01-01 00:01:00+00:00,322e9b4b-d19d-4709-87f8-00d63bed45b8,b5c90800-84f4-4655-8530-5241268f6948,False
2026-06-24 21:49:58,Republican Presidential Nominee 2028 - Elon Musk,myriad,polymarket,0.00472,0.009,0.4281,1,identity,0.00471919,0.00471919,0.009,0.01,21233238.77,28355893.21,2100-01-01 00:01:00+00:00,0b082490-2549-4e6b-bec0-d2b1ef66f4f3,8ca00001-67eb-4a78-bda5-00472c883bed,False
2026-06-24 21:49:58,Republican Presidential Nominee 2028 - Rand Paul,myriad,polymarket,0.0048,0.009,0.4199,1,identity,0.00480057,0.00480057,0.009,0.01,21233238.77,18943117.85,2100-01-01 00:01:00+00:00,79af93b0-413d-4012-beb5-4bcb3a043f6c,2d871045-5593-4fc4-8bd7-29c7b579f3ac,False
2026-06-24 21:49:58,2026 FIFA World Cup Winner - Norway,opinion,polymarket,0.027,0.031,0.4,1,identity,0.024,0.027,0.031,0.032,35351646.9,54483733.47,2026-07-20 00:00:00+00:00,9e10c052-4664-4074-b71c-5e026b875167,98d60821-b0a9-4a3e-b083-4f1f702653d5,False
2026-06-24 21:49:58,Republican Presidential Nominee 2028 - Josh Hawley,myriad,polymarket,0.00434,0.008,0.3656,1,identity,0.00434371,0.00434371,0.008,0.009,21233238.77,19798210.12,2100-01-01 00:01:00+00:00,ef874195-a416-4072-bbaa-c898d2304f87,2937a08d-6e9e-4c94-9144-cfe6ad0f2b18,False
2026-06-24 21:49:58,Republican Presidential Nominee 2028 - Josh Hawley,myriad,kalshi,0.00434,0.008,0.3656,1,identity,0.00434371,0.00434371,0.008,0.009,21233238.77,1278447.02,2100-01-01 00:01:00+00:00,ef874195-a416-4072-bbaa-c898d2304f87,147006b3-9b46-439e-a871-7f598a9aaa94,False
2026-06-24 21:49:58,Republican Presidential Nominee 2028 - Nikki Haley,myriad,polymarket,0.00456,0.008,0.3439,1,identity,0.00456093,0.00456093,0.008,0.009,21233238.77,9946633.94,2100-01-01 00:01:00+00:00,66cee2f4-f1e4-4f20-bf2b-a3d381d14320,729d7246-428e-4b72-b25a-f61a270957d6,False
2026-06-24 21:49:58,Republican Presidential Nominee 2028 - Katie Britt,myriad,polymarket,0.00462,0.008,0.3376,1,identity,0.0046236,0.0046236,0.008,0.009,21233238.77,28396288.73,2100-01-01 00:01:00+00:00,dc45ffc8-cd6e-4976-aaed-1c0e0c12bdeb,ed1e00a3-93f9-42bf-9579-e218f3e2a3b8,False
2026-06-24 21:49:58,Republican Presidential Nominee 2028 - Kim Kardashian,myriad,polymarket,0.00464,0.008,0.3365,1,identity,0.00463523,0.00463523,0.008,0.009,21233238.77,27921270.07,2100-01-01 00:01:00+00:00,94d88697-bff1-4236-8c19-bd4705e5f203,876ac5d1-6f79-4844-94f3-7ab712c081f0,False
2026-06-24 21:49:58,Republican Presidential Nominee 2028 - Erika Kirk,myriad,polymarket,0.0047,0.007,0.23,1,identity,0.00469971,0.00469971,0.007,0.008,21233238.77,18126807.8,2100-01-01 00:01:00+00:00,4953f578-5357-4c4d-9770-94fca0be62a8,0dbeaed5-33a2-4e38-92e7-519dfda2c9b3,False
2026-06-24 21:49:58,Republican Presidential Nominee 2028 - Tom Brady,myriad,polymarket,0.00579,0.008,0.2209,1,identity,0.00579149,0.00579149,0.008,0.009,21233238.77,32628240.58,2100-01-01 00:01:00+00:00,da90005c-1dad-420b-9953-10914b8951a3,ee01237b-9f83-49ca-9544-096dc77a32ff,False
2026-06-24 21:49:58,Republican Presidential Nominee 2028 - John Thune,myriad,polymarket,0.00459,0.006,0.1411,1,identity,0.00458884,0.00458884,0.006,0.007,21233238.77,35099662.74,2100-01-01 00:01:00+00:00,ca22f9a0-212f-4f37-ac84-03e505d1f28c,099a36e8-4ca1-4d00-a968-53b63cda70e5,False
2026-06-24 21:49:58,Republican Presidential Nominee 2028 - Byron Donalds,myriad,polymarket,0.00587,0.007,0.1127,1,identity,0.00587282,0.00587282,0.007,0.008,21233238.77,43910452.07,2100-01-01 00:01:00+00:00,dd1d4f91-0e2a-43c5-87de-9cafa156fe86,4834b1e4-9acc-4a10-83f1-55fcf7cee974,False
2026-06-24 21:49:58,Republican Presidential Nominee 2028 - Matt Gaetz,myriad,polymarket,0.0059,0.007,0.1098,1,identity,0.00590196,0.00590196,0.007,0.008,21233238.77,19567719.65,2100-01-01 00:01:00+00:00,e3c94a65-324f-4a70-baeb-cddd359bfe2c,5cdcac5b-4170-43ae-84bf-6befcd238e5e,False
2026-06-24 21:49:58,World Cup Winner  - Will Spain win the 2026 FIFA World Cup?,polymarket,limitless,0.139,0.14,0.1,1,identity,0.138,0.139,0.14,0.141,53040410.83,9648337576,2026-07-20 00:00:00+00:00,4b99f70c-9ffc-41f6-86e1-34ddf1052be7,545c992d-369f-4010-b75f-32fa67e35baf,True
2026-06-24 21:49:58,Will Steve Bannon be the nominee for the Presidency for the Republican party?,kalshi,myriad,0.004,0.00445,0.0445,1,identity,0.003,0.004,0.00444549,0.00444549,733923.2,21233238.77,2028-11-07 15:00:00+00:00,694de439-e8fd-4ba0-bf0e-f52fd89138f9,dc76a798-48d6-445b-8329-439de810a264,False
2026-06-24 21:49:58,Republican Presidential Nominee 2028 - Kristi Noem,myriad,polymarket,0.00585,0.006,0.0152,1,identity,0.00584845,0.00584845,0.006,0.007,21233238.77,34521980.48,2100-01-01 00:01:00+00:00,4b4e704e-9db5-4556-8824-7c1f79720463,ac0732ef-77dc-405f-ae81-7741d4bc0bc0,False
2026-06-24 22:51:26,Republican Presidential Nominee 2028 - Marco Rubio,myriad,opinion,0.06174,0.181,11.9259,1,identity,0.06174137,0.06174137,0.181,0.683,21236377.11,74613.84,2100-01-01 00:01:00+00:00,b367e7ee-ec13-429c-907d-b59aeea6b897,86ff7a87-632c-4243-9530-6c50ed51abfa,False
2026-06-24 22:51:26,Republican Presidential Nominee 2028 - Donald Trump,limitless,myriad,0.029,0.09995,7.0949,1,identity,0.019,0.029,0.09994868,0.09994868,5466658389,21236377.11,2028-11-08 00:00:00+00:00,136f7cb1-4c27-4efa-8e44-16772d98ccd8,83666797-983b-4e26-b810-9dc8e34b2e5a,False
2026-06-24 22:51:26,Republican Presidential Nominee 2028 - Tucker Carlson,myriad,limitless,0.00492,0.051,4.6079,1,identity,0.00492104,0.00492104,0.051,0.052,21236377.11,114925000,2100-01-01 00:01:00+00:00,0c92b5bd-457c-4e94-8c3f-f4681744bf4f,84222a4d-18be-4561-b198-d187f59892d0,False
2026-06-24 22:51:26,Republican Presidential Nominee 2028 - Ron DeSantis,myriad,kalshi,0.00712,0.043,3.5878,1,identity,0.00712226,0.00712226,0.043,0.045,21236377.11,2474155.25,2100-01-01 00:01:00+00:00,f5bee072-802a-426a-bb24-fe90a64c619f,8feeb232-fdb2-433f-a81c-b34dd910cebe,False
2026-06-24 22:51:26,LoL: Worlds 2026 Winning Region - LCP (Asia-Pacific),opinion,myriad,0.023,0.04763,2.4626,1,identity,0.002,0.023,0.04762588,0.04762588,229411188.0,5270447.51,2026-12-31 00:00:00+00:00,d1e15f29-094c-47ee-ab5b-150c429894a8,d6a87e01-6a26-4eb8-a3d5-1c28f47b3273,False
2026-06-24 22:51:26,Republican Presidential Nominee 2028 - Ron DeSantis,myriad,opinion,0.00712,0.028,2.0878,1,identity,0.00712226,0.00712226,0.028,0.878,21236377.11,6661240.12,2100-01-01 00:01:00+00:00,f5bee072-802a-426a-bb24-fe90a64c619f,f5fc4471-68a5-4e62-a273-48c485ffd1f7,False
2026-06-24 22:51:26,2026 FIFA World Cup Winner - France,limitless,kalshi,0.178,0.198,2.0,1,identity,0.177,0.178,0.198,0.201,15000206901,23478039.65,2026-10-14 00:00:00+00:00,3ab6db43-85ca-4ab2-a8a8-822db745df9b,5497c7f2-2c3d-4cd6-b845-45e7b37c1736,True
2026-06-24 22:51:26,2026 FIFA World Cup Winner - France,limitless,polymarket,0.178,0.193,1.5,1,identity,0.177,0.178,0.193,0.194,15000206901,59222102.77,2026-10-14 00:00:00+00:00,3ab6db43-85ca-4ab2-a8a8-822db745df9b,34442783-2665-4a51-97ae-1fbe9c8d9bb1,True
2026-06-24 22:51:26,Republican Presidential Nominee 2028 - Donald Trump Jr,myriad,polymarket,0.01318,0.025,1.1825,1,identity,0.01317505,0.01317505,0.025,0.026,21236377.11,8894193.52,2100-01-01 00:01:00+00:00,357a00cc-7816-4d58-8d5d-c1e2cafc8463,4fef1385-e4e5-4091-891a-0ef1c15762bf,False
2026-06-24 22:51:26,LPL 2026 Season Winner - Will EDward Gaming win the LPL 2026 season?,polymarket,opinion,0.002,0.011,0.9,1,identity,0.001,0.002,0.011,0.022,41660.56,25216409.88,2026-12-31 00:00:00+00:00,f9161714-9c1a-4c2c-a247-659911ad133e,c9705ca6-7adc-4cac-a986-335626555a47,False
2026-06-24 22:51:26,2026 FIFA World Cup Winner - Netherlands,opinion,kalshi,0.054,0.062,0.8,1,identity,0.039,0.054,0.062,0.068,34175341.94,23227247.12,2026-07-20 00:00:00+00:00,9a3e0027-8362-4f8f-b6ec-d1d85bf2a7bd,9ec4c7cd-6a44-4730-82bf-749c642127bd,False
2026-06-24 22:51:26,World Cup Winner  - Will Portugal win the 2026 FIFA World Cup?,polymarket,kalshi,0.079,0.086,0.7,1,identity,0.078,0.079,0.086,0.088,53968886.35,26267220.71,2026-07-20 00:00:00+00:00,52dcc40d-d5ed-4e4d-8263-a0bbb47b2203,bcb6b6e0-1503-487a-a674-ef8196631fd8,True
2026-06-24 22:51:26,Republican Presidential Nominee 2028 - Glenn Youngkin,myriad,polymarket,0.00702,0.013,0.5982,1,identity,0.00701842,0.00701842,0.013,0.014,21236377.11,8078237.26,2100-01-01 00:01:00+00:00,90635c56-47ad-4aa5-a9f4-6e0f6da5e9d4,f5ffc59f-a722-4675-9237-3b1a317120f7,False
2026-06-24 22:51:26,Republican Presidential Nominee 2028 - Elon Musk,myriad,polymarket,0.00322,0.009,0.5784,1,identity,0.00321553,0.00321553,0.009,0.01,21236377.11,28355893.21,2100-01-01 00:01:00+00:00,0b082490-2549-4e6b-bec0-d2b1ef66f4f3,8ca00001-67eb-4a78-bda5-00472c883bed,False
2026-06-24 22:51:26,Republican Presidential Nominee 2028 - Nikki Haley,myriad,polymarket,0.00291,0.008,0.5094,1,identity,0.0029064,0.0029064,0.008,0.009,21236377.11,9946633.94,2100-01-01 00:01:00+00:00,66cee2f4-f1e4-4f20-bf2b-a3d381d14320,729d7246-428e-4b72-b25a-f61a270957d6,False
2026-06-24 22:51:26,Republican Presidential Nominee 2028 - Ivanka Trump,myriad,polymarket,0.00516,0.01,0.4842,1,identity,0.00515795,0.00515795,0.01,0.011,21236377.11,7946997.58,2100-01-01 00:01:00+00:00,322e9b4b-d19d-4709-87f8-00d63bed45b8,b5c90800-84f4-4655-8530-5241268f6948,False
2026-06-24 22:51:26,Republican Presidential Nominee 2028 - Rand Paul,myriad,polymarket,0.0048,0.009,0.4199,1,identity,0.00480057,0.00480057,0.009,0.01,21236377.11,18943117.85,2100-01-01 00:01:00+00:00,79af93b0-413d-4012-beb5-4bcb3a043f6c,2d871045-5593-4fc4-8bd7-29c7b579f3ac,False
2026-06-24 22:51:26,World Cup Winner  - Will France win the 2026 FIFA World Cup?,polymarket,kalshi,0.194,0.198,0.4,1,identity,0.193,0.194,0.198,0.201,59222102.77,23478039.65,2026-07-20 00:00:00+00:00,34442783-2665-4a51-97ae-1fbe9c8d9bb1,5497c7f2-2c3d-4cd6-b845-45e7b37c1736,True
2026-06-24 22:51:26,2026 FIFA World Cup Winner - Norway,opinion,polymarket,0.027,0.031,0.4,1,identity,0.024,0.027,0.031,0.032,35351646.9,54483733.47,2026-07-20 00:00:00+00:00,9e10c052-4664-4074-b71c-5e026b875167,98d60821-b0a9-4a3e-b083-4f1f702653d5,False
2026-06-24 22:51:26,Republican Presidential Nominee 2028 - Katie Britt,myriad,polymarket,0.00434,0.008,0.3663,1,identity,0.00433681,0.00433681,0.008,0.009,21236377.11,28396288.73,2100-01-01 00:01:00+00:00,dc45ffc8-cd6e-4976-aaed-1c0e0c12bdeb,ed1e00a3-93f9-42bf-9579-e218f3e2a3b8,False
2026-06-24 22:51:26,Republican Presidential Nominee 2028 - Josh Hawley,myriad,polymarket,0.00434,0.008,0.3661,1,identity,0.00433928,0.00433928,0.008,0.009,21236377.11,19798210.12,2100-01-01 00:01:00+00:00,ef874195-a416-4072-bbaa-c898d2304f87,2937a08d-6e9e-4c94-9144-cfe6ad0f2b18,False
2026-06-24 22:51:26,Republican Presidential Nominee 2028 - Tom Brady,myriad,polymarket,0.0044,0.008,0.3601,1,identity,0.0043988,0.0043988,0.008,0.009,21236377.11,32628240.58,2100-01-01 00:01:00+00:00,da90005c-1dad-420b-9953-10914b8951a3,ee01237b-9f83-49ca-9544-096dc77a32ff,False
2026-06-24 22:51:26,Republican Presidential Nominee 2028 - Kim Kardashian,myriad,polymarket,0.00464,0.008,0.3365,1,identity,0.00463523,0.00463523,0.008,0.009,21236377.11,27921270.07,2100-01-01 00:01:00+00:00,94d88697-bff1-4236-8c19-bd4705e5f203,876ac5d1-6f79-4844-94f3-7ab712c081f0,False
2026-06-24 22:51:26,Republican Presidential Nominee 2028 - Erika Kirk,myriad,polymarket,0.0047,0.007,0.23,1,identity,0.00469971,0.00469971,0.007,0.008,21236377.11,18126807.8,2100-01-01 00:01:00+00:00,4953f578-5357-4c4d-9770-94fca0be62a8,0dbeaed5-33a2-4e38-92e7-519dfda2c9b3,False
2026-06-24 22:51:26,Will Byron Donalds be the nominee for the Presidency for the Republican party?,kalshi,myriad,0.004,0.00587,0.1873,1,identity,0.003,0.004,0.00587282,0.00587282,825641.12,21236377.11,2028-11-07 15:00:00+00:00,feaccc97-a439-4167-a49a-6988a156447c,dd1d4f91-0e2a-43c5-87de-9cafa156fe86,False
2026-06-24 22:51:26,Republican Presidential Nominee 2028 - John Thune,myriad,polymarket,0.00459,0.006,0.1414,1,identity,0.00458649,0.00458649,0.006,0.007,21236377.11,35099662.74,2100-01-01 00:01:00+00:00,ca22f9a0-212f-4f37-ac84-03e505d1f28c,099a36e8-4ca1-4d00-a968-53b63cda70e5,False
2026-06-24 22:51:26,Republican Presidential Nominee 2028 - Byron Donalds,myriad,polymarket,0.00587,0.007,0.1127,1,identity,0.00587282,0.00587282,0.007,0.008,21236377.11,43910452.07,2100-01-01 00:01:00+00:00,dd1d4f91-0e2a-43c5-87de-9cafa156fe86,4834b1e4-9acc-4a10-83f1-55fcf7cee974,False
2026-06-24 22:51:26,Republican Presidential Nominee 2028 - Matt Gaetz,myriad,polymarket,0.0059,0.007,0.1098,1,identity,0.00590196,0.00590196,0.007,0.008,21236377.11,19567719.65,2100-01-01 00:01:00+00:00,e3c94a65-324f-4a70-baeb-cddd359bfe2c,5cdcac5b-4170-43ae-84bf-6befcd238e5e,False
2026-06-24 22:51:26,Republican Presidential Nominee 2028 - Nikki Haley,myriad,kalshi,0.00291,0.004,0.1094,1,identity,0.0029064,0.0029064,0.004,0.005,21236377.11,1742588.1,2100-01-01 00:01:00+00:00,66cee2f4-f1e4-4f20-bf2b-a3d381d14320,1cc46cb0-7f19-40bb-9606-52c1b5c6e0be,False
2026-06-24 22:51:26,Will Steve Bannon be the nominee for the Presidency for the Republican party?,kalshi,myriad,0.004,0.00444,0.0443,1,identity,0.003,0.004,0.00444322,0.00444322,733923.2,21236377.11,2028-11-07 15:00:00+00:00,694de439-e8fd-4ba0-bf0e-f52fd89138f9,dc76a798-48d6-445b-8329-439de810a264,False
2026-06-24 22:51:26,Republican Presidential Nominee 2028 - Kristi Noem,myriad,polymarket,0.00584,0.006,0.0158,1,identity,0.00584244,0.00584244,0.006,0.007,21236377.11,34521980.48,2100-01-01 00:01:00+00:00,4b4e704e-9db5-4556-8824-7c1f79720463,ac0732ef-77dc-405f-ae81-7741d4bc0bc0,False
2026-06-25 10:25:01,Republican Presidential Nominee 2028 - Marco Rubio,myriad,opinion,0.03854,0.17,13.1463,1,identity,0.03853692,0.03853692,0.17,0.684,22208119.2,74613.84,2100-01-01 00:01:00+00:00,b367e7ee-ec13-429c-907d-b59aeea6b897,86ff7a87-632c-4243-9530-6c50ed51abfa,False
2026-06-25 10:25:01,Republican Presidential Nominee 2028 - Tucker Carlson,myriad,limitless,0.00341,0.045,4.159,1,identity,0.00340973,0.00340973,0.045,0.055,22208119.2,114925000,2100-01-01 00:01:00+00:00,0c92b5bd-457c-4e94-8c3f-f4681744bf4f,84222a4d-18be-4561-b198-d187f59892d0,False
2026-06-25 10:25:01,Republican Presidential Nominee 2028 - Ron DeSantis,myriad,kalshi,0.00491,0.043,3.8086,1,identity,0.00491397,0.00491397,0.043,0.045,22208119.2,2475292.87,2100-01-01 00:01:00+00:00,f5bee072-802a-426a-bb24-fe90a64c619f,8feeb232-fdb2-433f-a81c-b34dd910cebe,False
2026-06-25 10:25:01,Republican Presidential Nominee 2028 - Donald Trump Jr,myriad,kalshi,0.00899,0.044,3.5015,1,identity,0.00898513,0.00898513,0.044,0.045,22208119.2,2114157.6,2100-01-01 00:01:00+00:00,357a00cc-7816-4d58-8d5d-c1e2cafc8463,d3fb8504-8925-4b93-9d6a-b46399a396c4,False
2026-06-25 10:25:01,Republican Presidential Nominee 2028 - Donald Trump,limitless,myriad,0.029,0.06039,3.1392,1,identity,0.019,0.029,0.06039156,0.06039156,5466658389,22208119.2,2028-11-08 00:00:00+00:00,136f7cb1-4c27-4efa-8e44-16772d98ccd8,83666797-983b-4e26-b810-9dc8e34b2e5a,False
2026-06-25 10:25:01,LoL: Worlds 2026 Winning Region - LCP (Asia-Pacific),opinion,myriad,0.023,0.04737,2.4366,1,identity,0.002,0.023,0.0473665,0.0473665,231710704.86,5412587.47,2026-12-31 00:00:00+00:00,d1e15f29-094c-47ee-ab5b-150c429894a8,d6a87e01-6a26-4eb8-a3d5-1c28f47b3273,False
2026-06-25 10:25:01,Republican Presidential Nominee 2028 - Ron DeSantis,myriad,opinion,0.00491,0.028,2.3086,1,identity,0.00491397,0.00491397,0.028,0.878,22208119.2,6661240.12,2100-01-01 00:01:00+00:00,f5bee072-802a-426a-bb24-fe90a64c619f,f5fc4471-68a5-4e62-a273-48c485ffd1f7,False
2026-06-25 10:25:01,2026 FIFA World Cup Winner - France,limitless,kalshi,0.178,0.197,1.9,1,identity,0.177,0.178,0.197,0.201,15000206901,24329204.11,2026-10-14 00:00:00+00:00,3ab6db43-85ca-4ab2-a8a8-822db745df9b,5497c7f2-2c3d-4cd6-b845-45e7b37c1736,True
2026-06-25 10:25:01,Republican Presidential Nominee 2028 - Ron DeSantis,myriad,polymarket,0.00491,0.023,1.8086,1,identity,0.00491397,0.00491397,0.023,0.024,22208119.2,14235763.95,2100-01-01 00:01:00+00:00,f5bee072-802a-426a-bb24-fe90a64c619f,9546e10b-9758-4101-9e84-85fffe2e643d,False
2026-06-25 10:25:01,Republican Presidential Nominee 2028 - Donald Trump Jr,myriad,polymarket,0.00899,0.025,1.6015,1,identity,0.00898513,0.00898513,0.025,0.026,22208119.2,8894193.52,2100-01-01 00:01:00+00:00,357a00cc-7816-4d58-8d5d-c1e2cafc8463,4fef1385-e4e5-4091-891a-0ef1c15762bf,False
2026-06-25 10:25:01,2026 FIFA World Cup Winner - France,limitless,polymarket,0.178,0.194,1.6,1,identity,0.177,0.178,0.194,0.195,15000206901,59222102.77,2026-10-14 00:00:00+00:00,3ab6db43-85ca-4ab2-a8a8-822db745df9b,34442783-2665-4a51-97ae-1fbe9c8d9bb1,True
2026-06-25 10:25:01,2026 FIFA World Cup Winner - Netherlands,opinion,kalshi,0.054,0.064,1.0,1,identity,0.047,0.054,0.064,0.065,34175341.94,23877276.15,2026-07-20 00:00:00+00:00,9a3e0027-8362-4f8f-b6ec-d1d85bf2a7bd,9ec4c7cd-6a44-4730-82bf-749c642127bd,False
2026-06-25 10:25:01,Republican Presidential Nominee 2028 - Glenn Youngkin,myriad,polymarket,0.0033,0.013,0.9701,1,identity,0.0032994,0.0032994,0.013,0.014,22208119.2,8078237.26,2100-01-01 00:01:00+00:00,90635c56-47ad-4aa5-a9f4-6e0f6da5e9d4,f5ffc59f-a722-4675-9237-3b1a317120f7,False
2026-06-25 10:25:01,World Cup Winner  - Will Portugal win the 2026 FIFA World Cup?,polymarket,kalshi,0.076,0.085,0.9,1,identity,0.075,0.076,0.085,0.087,53968886.35,26895889.17,2026-07-20 00:00:00+00:00,52dcc40d-d5ed-4e4d-8263-a0bbb47b2203,bcb6b6e0-1503-487a-a674-ef8196631fd8,True
2026-06-25 10:25:01,Republican Presidential Nominee 2028 - Ivanka Trump,myriad,polymarket,0.00233,0.01,0.7668,1,identity,0.0023324,0.0023324,0.01,0.011,22208119.2,7946997.58,2100-01-01 00:01:00+00:00,322e9b4b-d19d-4709-87f8-00d63bed45b8,b5c90800-84f4-4655-8530-5241268f6948,False
2026-06-25 10:25:01,Republican Presidential Nominee 2028 - Rand Paul,myriad,polymarket,0.00217,0.009,0.6832,1,identity,0.0021681,0.0021681,0.009,0.01,22208119.2,18943117.85,2100-01-01 00:01:00+00:00,79af93b0-413d-4012-beb5-4bcb3a043f6c,2d871045-5593-4fc4-8bd7-29c7b579f3ac,False
2026-06-25 10:25:01,Republican Presidential Nominee 2028 - Kim Kardashian,myriad,polymarket,0.00209,0.008,0.5906,1,identity,0.00209413,0.00209413,0.008,0.009,22208119.2,27921270.07,2100-01-01 00:01:00+00:00,94d88697-bff1-4236-8c19-bd4705e5f203,876ac5d1-6f79-4844-94f3-7ab712c081f0,False
2026-06-25 10:25:01,Republican Presidential Nominee 2028 - Nikki Haley,myriad,polymarket,0.00212,0.008,0.5876,1,identity,0.00212353,0.00212353,0.008,0.009,22208119.2,9946633.94,2100-01-01 00:01:00+00:00,66cee2f4-f1e4-4f20-bf2b-a3d381d14320,729d7246-428e-4b72-b25a-f61a270957d6,False
2026-06-25 10:25:01,Republican Presidential Nominee 2028 - Katie Britt,myriad,polymarket,0.00269,0.008,0.5311,1,identity,0.00268922,0.00268922,0.008,0.009,22208119.2,28396288.73,2100-01-01 00:01:00+00:00,dc45ffc8-cd6e-4976-aaed-1c0e0c12bdeb,ed1e00a3-93f9-42bf-9579-e218f3e2a3b8,False
2026-06-25 10:25:01,Republican Presidential Nominee 2028 - Erika Kirk,myriad,polymarket,0.00207,0.007,0.493,1,identity,0.00207001,0.00207001,0.007,0.008,22208119.2,18126807.8,2100-01-01 00:01:00+00:00,4953f578-5357-4c4d-9770-94fca0be62a8,0dbeaed5-33a2-4e38-92e7-519dfda2c9b3,False
2026-06-25 10:25:01,Republican Presidential Nominee 2028 - Byron Donalds,myriad,polymarket,0.00282,0.007,0.4177,1,identity,0.00282272,0.00282272,0.007,0.008,22208119.2,43910452.07,2100-01-01 00:01:00+00:00,dd1d4f91-0e2a-43c5-87de-9cafa156fe86,4834b1e4-9acc-4a10-83f1-55fcf7cee974,False
2026-06-25 10:25:01,Republican Presidential Nominee 2028 - John Thune,myriad,polymarket,0.00216,0.006,0.384,1,identity,0.00215967,0.00215967,0.006,0.007,22208119.2,35099662.74,2100-01-01 00:01:00+00:00,ca22f9a0-212f-4f37-ac84-03e505d1f28c,099a36e8-4ca1-4d00-a968-53b63cda70e5,False
2026-06-25 10:25:01,Republican Presidential Nominee 2028 - Elon Musk,myriad,polymarket,0.00532,0.009,0.3682,1,identity,0.00531788,0.00531788,0.009,0.01,22208119.2,28355893.21,2100-01-01 00:01:00+00:00,0b082490-2549-4e6b-bec0-d2b1ef66f4f3,8ca00001-67eb-4a78-bda5-00472c883bed,False
2026-06-25 10:25:01,Republican Presidential Nominee 2028 - Matt Gaetz,myriad,polymarket,0.00344,0.007,0.3558,1,identity,0.00344192,0.00344192,0.007,0.008,22208119.2,19567719.65,2100-01-01 00:01:00+00:00,e3c94a65-324f-4a70-baeb-cddd359bfe2c,5cdcac5b-4170-43ae-84bf-6befcd238e5e,False
2026-06-25 10:25:01,Republican Presidential Nominee 2028 - Kristi Noem,myriad,polymarket,0.00281,0.006,0.3189,1,identity,0.00281105,0.00281105,0.006,0.007,22208119.2,34521980.48,2100-01-01 00:01:00+00:00,4b4e704e-9db5-4556-8824-7c1f79720463,ac0732ef-77dc-405f-ae81-7741d4bc0bc0,False
2026-06-25 10:25:01,Republican Presidential Nominee 2028 - Ted Cruz,myriad,kalshi,0.00585,0.009,0.3148,1,identity,0.00585177,0.00585177,0.009,0.01,22208119.2,1206532.33,2100-01-01 00:01:00+00:00,01f94550-7298-4a62-aaad-967860ceec36,c6f6dccb-cca3-4dac-88a1-c423f3a9d420,False
2026-06-25 10:25:01,Republican Presidential Nominee 2028 - Josh Hawley,myriad,polymarket,0.00489,0.008,0.3106,1,identity,0.00489394,0.00489394,0.008,0.009,22208119.2,19798210.12,2100-01-01 00:01:00+00:00,ef874195-a416-4072-bbaa-c898d2304f87,2937a08d-6e9e-4c94-9144-cfe6ad0f2b18,False
2026-06-25 10:25:01,Republican Presidential Nominee 2028 - Josh Hawley,myriad,kalshi,0.00489,0.008,0.3106,1,identity,0.00489394,0.00489394,0.008,0.009,22208119.2,1279155.34,2100-01-01 00:01:00+00:00,ef874195-a416-4072-bbaa-c898d2304f87,147006b3-9b46-439e-a871-7f598a9aaa94,False
2026-06-25 10:25:01,Republican Presidential Nominee 2028 - Tom Brady,myriad,polymarket,0.00496,0.008,0.3039,1,identity,0.00496081,0.00496081,0.008,0.009,22208119.2,32628240.58,2100-01-01 00:01:00+00:00,da90005c-1dad-420b-9953-10914b8951a3,ee01237b-9f83-49ca-9544-096dc77a32ff,False
2026-06-25 10:25:01,Will Elise Stefanik be the nominee for the Presidency for the Republican party?,kalshi,myriad,0.002,0.00483,0.2833,1,identity,0.001,0.002,0.00483255,0.00483255,681004,22208119.2,2028-11-07 15:00:00+00:00,747a5ab5-d7c0-4a63-b560-ebab3e2029d0,5097a319-d4c0-43d9-8051-611ab79e9e24,False
2026-06-25 10:25:01,2026 FIFA World Cup Winner - Netherlands,opinion,polymarket,0.054,0.056,0.2,1,identity,0.047,0.054,0.056,0.057,34175341.94,52191978.32,2026-07-20 00:00:00+00:00,9a3e0027-8362-4f8f-b6ec-d1d85bf2a7bd,89b66964-38f8-48d7-aed1-efc2ee31f9fe,False
2026-06-25 10:25:01,World Cup Winner  - Will France win the 2026 FIFA World Cup?,polymarket,kalshi,0.195,0.197,0.2,1,identity,0.194,0.195,0.197,0.201,59222102.77,24329204.11,2026-07-20 00:00:00+00:00,34442783-2665-4a51-97ae-1fbe9c8d9bb1,5497c7f2-2c3d-4cd6-b845-45e7b37c1736,True
2026-06-25 10:25:01,Republican Presidential Nominee 2028 - Nikki Haley,myriad,kalshi,0.00212,0.004,0.1876,1,identity,0.00212353,0.00212353,0.004,0.005,22208119.2,1742588.1,2100-01-01 00:01:00+00:00,66cee2f4-f1e4-4f20-bf2b-a3d381d14320,1cc46cb0-7f19-40bb-9606-52c1b5c6e0be,False
2026-06-25 10:25:01,Republican Presidential Nominee 2028 - Glenn Youngkin,myriad,kalshi,0.0033,0.005,0.1701,1,identity,0.0032994,0.0032994,0.005,0.009,22208119.2,919739.5,2100-01-01 00:01:00+00:00,90635c56-47ad-4aa5-a9f4-6e0f6da5e9d4,91b44a30-b554-43ea-b960-a0b5e7f8598e,False
2026-06-25 10:25:01,Republican Presidential Nominee 2028 - Katie Britt,myriad,kalshi,0.00269,0.004,0.1311,1,identity,0.00268922,0.00268922,0.004,0.005,22208119.2,624511.77,2100-01-01 00:01:00+00:00,dc45ffc8-cd6e-4976-aaed-1c0e0c12bdeb,d481240e-7bbe-48cf-b9f8-d15b7e5dd8de,False
2026-06-25 10:25:01,Republican Presidential Nominee 2028 - Steve Bannon,myriad,kalshi,0.00214,0.003,0.086,1,identity,0.00213989,0.00213989,0.003,0.004,22208119.2,733923.2,2100-01-01 00:01:00+00:00,dc76a798-48d6-445b-8329-439de810a264,694de439-e8fd-4ba0-bf0e-f52fd89138f9,False
2026-06-25 10:25:01,Republican Presidential Nominee 2028 - Byron Donalds,myriad,kalshi,0.00282,0.003,0.0177,1,identity,0.00282272,0.00282272,0.003,0.004,22208119.2,825641.12,2100-01-01 00:01:00+00:00,dd1d4f91-0e2a-43c5-87de-9cafa156fe86,feaccc97-a439-4167-a49a-6988a156447c,False
2026-06-25 17:34:55,Republican Presidential Nominee 2028 - Marco Rubio,myriad,opinion,0.0557,0.17,11.43,1,identity,0.05570045,0.05570045,0.17,0.684,22559953.38,74613.84,2100-01-01 00:01:00+00:00,b367e7ee-ec13-429c-907d-b59aeea6b897,86ff7a87-632c-4243-9530-6c50ed51abfa,False
2026-06-25 17:34:55,Republican Presidential Nominee 2028 - Donald Trump,limitless,myriad,0.029,0.10558,7.6581,1,identity,0.019,0.029,0.10558052,0.10558052,5466658389,22559953.38,2028-11-08 00:00:00+00:00,136f7cb1-4c27-4efa-8e44-16772d98ccd8,83666797-983b-4e26-b810-9dc8e34b2e5a,False
2026-06-25 17:34:55,Republican Presidential Nominee 2028 - Tucker Carlson,myriad,limitless,0.00683,0.045,3.8173,1,identity,0.00682675,0.00682675,0.045,0.055,22559953.38,114925000,2100-01-01 00:01:00+00:00,0c92b5bd-457c-4e94-8c3f-f4681744bf4f,84222a4d-18be-4561-b198-d187f59892d0,False
2026-06-25 17:34:55,Republican Presidential Nominee 2028 - Ron DeSantis,myriad,kalshi,0.00982,0.043,3.3179,1,identity,0.00982125,0.00982125,0.043,0.045,22559953.38,2475292.87,2100-01-01 00:01:00+00:00,f5bee072-802a-426a-bb24-fe90a64c619f,8feeb232-fdb2-433f-a81c-b34dd910cebe,False
2026-06-25 17:34:55,Republican Presidential Nominee 2028 - Donald Trump Jr,myriad,kalshi,0.01787,0.044,2.6126,1,identity,0.01787355,0.01787355,0.044,0.045,22559953.38,2114157.6,2100-01-01 00:01:00+00:00,357a00cc-7816-4d58-8d5d-c1e2cafc8463,d3fb8504-8925-4b93-9d6a-b46399a396c4,False
2026-06-25 17:34:55,2026 FIFA World Cup Winner - France,limitless,kalshi,0.178,0.197,1.9,1,identity,0.1,0.178,0.197,0.199,15000206901,24546601.47,2026-10-14 00:00:00+00:00,3ab6db43-85ca-4ab2-a8a8-822db745df9b,5497c7f2-2c3d-4cd6-b845-45e7b37c1736,True
2026-06-25 17:34:55,Which region will win Worlds 2026? - LEC,myriad,opinion,0.01965,0.038,1.8352,1,identity,0.01964836,0.01964836,0.038,0.064,6375340.16,2337351.18,2026-11-15 23:59:00+00:00,2f0b0443-14f9-40d7-8c4c-f9c4352d56b0,e8f8a408-cde3-4265-98af-13879fedc0fe,False
2026-06-25 17:34:55,Republican Presidential Nominee 2028 - Ron DeSantis,myriad,opinion,0.00982,0.028,1.8179,1,identity,0.00982125,0.00982125,0.028,0.878,22559953.38,6661240.12,2100-01-01 00:01:00+00:00,f5bee072-802a-426a-bb24-fe90a64c619f,f5fc4471-68a5-4e62-a273-48c485ffd1f7,False
2026-06-25 17:34:55,Republican Presidential Nominee 2028 - Ron DeSantis,myriad,polymarket,0.00982,0.023,1.3179,1,identity,0.00982125,0.00982125,0.023,0.024,22559953.38,14235763.95,2100-01-01 00:01:00+00:00,f5bee072-802a-426a-bb24-fe90a64c619f,9546e10b-9758-4101-9e84-85fffe2e643d,False
2026-06-25 17:34:55,2026 FIFA World Cup Winner - France,limitless,polymarket,0.178,0.19,1.2,1,identity,0.1,0.178,0.19,0.191,15000206901,59222102.77,2026-10-14 00:00:00+00:00,3ab6db43-85ca-4ab2-a8a8-822db745df9b,34442783-2665-4a51-97ae-1fbe9c8d9bb1,True
2026-06-25 17:34:55,2026 FIFA World Cup Winner - Netherlands,opinion,kalshi,0.054,0.065,1.1,1,identity,0.047,0.054,0.065,0.066,34175341.94,24024795.44,2026-07-20 00:00:00+00:00,9a3e0027-8362-4f8f-b6ec-d1d85bf2a7bd,9ec4c7cd-6a44-4730-82bf-749c642127bd,False
2026-06-25 17:34:55,Republican Presidential Nominee 2028 - Glenn Youngkin,myriad,polymarket,0.0033,0.013,0.9701,1,identity,0.0032994,0.0032994,0.013,0.014,22559953.38,8078237.26,2100-01-01 00:01:00+00:00,90635c56-47ad-4aa5-a9f4-6e0f6da5e9d4,f5ffc59f-a722-4675-9237-3b1a317120f7,False
2026-06-25 17:34:55,Republican Presidential Nominee 2028 - Donald Trump Jr,myriad,polymarket,0.01787,0.027,0.9126,1,identity,0.01787355,0.01787355,0.027,0.028,22559953.38,8894193.52,2100-01-01 00:01:00+00:00,357a00cc-7816-4d58-8d5d-c1e2cafc8463,4fef1385-e4e5-4091-891a-0ef1c15762bf,False
2026-06-25 17:34:55,Republican Presidential Nominee 2028 - Ivanka Trump,myriad,polymarket,0.00318,0.01,0.6822,1,identity,0.00317799,0.00317799,0.01,0.011,22559953.38,7946997.58,2100-01-01 00:01:00+00:00,322e9b4b-d19d-4709-87f8-00d63bed45b8,b5c90800-84f4-4655-8530-5241268f6948,False
2026-06-25 17:34:55,Republican Presidential Nominee 2028 - Rand Paul,myriad,polymarket,0.00295,0.009,0.6046,1,identity,0.00295351,0.00295351,0.009,0.01,22559953.38,18943117.85,2100-01-01 00:01:00+00:00,79af93b0-413d-4012-beb5-4bcb3a043f6c,2d871045-5593-4fc4-8bd7-29c7b579f3ac,False
2026-06-25 17:34:55,World Cup Winner  - Will France win the 2026 FIFA World Cup?,polymarket,kalshi,0.191,0.197,0.6,1,identity,0.19,0.191,0.197,0.199,59222102.77,24546601.47,2026-07-20 00:00:00+00:00,34442783-2665-4a51-97ae-1fbe9c8d9bb1,5497c7f2-2c3d-4cd6-b845-45e7b37c1736,True
2026-06-25 17:34:55,World Cup Winner  - Will Portugal win the 2026 FIFA World Cup?,polymarket,kalshi,0.082,0.088,0.6,1,identity,0.081,0.082,0.088,0.089,53968886.35,27148180.98,2026-07-20 00:00:00+00:00,52dcc40d-d5ed-4e4d-8263-a0bbb47b2203,bcb6b6e0-1503-487a-a674-ef8196631fd8,True
2026-06-25 17:34:55,Republican Presidential Nominee 2028 - Elon Musk,myriad,polymarket,0.00301,0.009,0.599,1,identity,0.00300971,0.00300971,0.009,0.01,22559953.38,28355893.21,2100-01-01 00:01:00+00:00,0b082490-2549-4e6b-bec0-d2b1ef66f4f3,8ca00001-67eb-4a78-bda5-00472c883bed,False
2026-06-25 17:34:55,Republican Presidential Nominee 2028 - Katie Britt,myriad,polymarket,0.00204,0.008,0.5958,1,identity,0.00204244,0.00204244,0.008,0.009,22559953.38,28396288.73,2100-01-01 00:01:00+00:00,dc45ffc8-cd6e-4976-aaed-1c0e0c12bdeb,ed1e00a3-93f9-42bf-9579-e218f3e2a3b8,False
2026-06-25 17:34:55,Republican Presidential Nominee 2028 - Nikki Haley,myriad,polymarket,0.00264,0.008,0.5365,1,identity,0.00263547,0.00263547,0.008,0.009,22559953.38,9946633.94,2100-01-01 00:01:00+00:00,66cee2f4-f1e4-4f20-bf2b-a3d381d14320,729d7246-428e-4b72-b25a-f61a270957d6,False
2026-06-25 17:34:55,Republican Presidential Nominee 2028 - Tom Brady,myriad,polymarket,0.00281,0.008,0.5193,1,identity,0.0028069,0.0028069,0.008,0.009,22559953.38,32628240.58,2100-01-01 00:01:00+00:00,da90005c-1dad-420b-9953-10914b8951a3,ee01237b-9f83-49ca-9544-096dc77a32ff,False
2026-06-25 17:34:55,Republican Presidential Nominee 2028 - Josh Hawley,myriad,kalshi,0.00281,0.008,0.5191,1,identity,0.00280909,0.00280909,0.008,0.009,22559953.38,1280295.34,2100-01-01 00:01:00+00:00,ef874195-a416-4072-bbaa-c898d2304f87,147006b3-9b46-439e-a871-7f598a9aaa94,False
2026-06-25 17:34:55,Republican Presidential Nominee 2028 - Josh Hawley,myriad,polymarket,0.00281,0.008,0.5191,1,identity,0.00280909,0.00280909,0.008,0.009,22559953.38,19798210.12,2100-01-01 00:01:00+00:00,ef874195-a416-4072-bbaa-c898d2304f87,2937a08d-6e9e-4c94-9144-cfe6ad0f2b18,False
2026-06-25 17:34:55,2026 FIFA World Cup Winner - Norway,opinion,polymarket,0.027,0.032,0.5,1,identity,0.024,0.027,0.032,0.033,35351646.9,54483733.47,2026-07-20 00:00:00+00:00,9e10c052-4664-4074-b71c-5e026b875167,98d60821-b0a9-4a3e-b083-4f1f702653d5,False
2026-06-25 17:34:55,Republican Presidential Nominee 2028 - Erika Kirk,myriad,polymarket,0.00207,0.007,0.493,1,identity,0.00207001,0.00207001,0.007,0.008,22559953.38,18126807.8,2100-01-01 00:01:00+00:00,4953f578-5357-4c4d-9770-94fca0be62a8,0dbeaed5-33a2-4e38-92e7-519dfda2c9b3,False
2026-06-25 17:34:55,Republican Presidential Nominee 2028 - John Thune,myriad,polymarket,0.00216,0.006,0.384,1,identity,0.00215967,0.00215967,0.006,0.007,22559953.38,35099662.74,2100-01-01 00:01:00+00:00,ca22f9a0-212f-4f37-ac84-03e505d1f28c,099a36e8-4ca1-4d00-a968-53b63cda70e5,False
2026-06-25 17:34:55,Will Elise Stefanik be the nominee for the Presidency for the Republican party?,kalshi,myriad,0.002,0.00559,0.3589,1,identity,0.001,0.002,0.00558925,0.00558925,681004,22559953.38,2028-11-07 15:00:00+00:00,747a5ab5-d7c0-4a63-b560-ebab3e2029d0,5097a319-d4c0-43d9-8051-611ab79e9e24,False
2026-06-25 17:34:55,LoL: Worlds 2026 Winning Region - BLOL (Brazil),opinion,myriad,0.024,0.02713,0.3133,1,identity,0.001,0.024,0.02713274,0.02713274,3644570.43,6375340.16,2026-12-31 00:00:00+00:00,c5df842e-c4d7-43b3-8018-4f8b91bf3d96,db74e9a0-d1c5-48a1-9008-0b07fb0e75d3,False
2026-06-25 17:34:55,Will Byron Donalds be the nominee for the Presidency for the Republican party?,kalshi,myriad,0.004,0.00712,0.3125,1,identity,0.003,0.004,0.00712498,0.00712498,825641.12,22559953.38,2028-11-07 15:00:00+00:00,feaccc97-a439-4167-a49a-6988a156447c,dd1d4f91-0e2a-43c5-87de-9cafa156fe86,False
2026-06-25 17:34:55,Republican Presidential Nominee 2028 - Ted Cruz,myriad,kalshi,0.00618,0.009,0.282,1,identity,0.00618043,0.00618043,0.009,0.01,22559953.38,1213545.33,2100-01-01 00:01:00+00:00,01f94550-7298-4a62-aaad-967860ceec36,c6f6dccb-cca3-4dac-88a1-c423f3a9d420,False
2026-06-25 17:34:55,Republican Presidential Nominee 2028 - Kim Kardashian,myriad,polymarket,0.0053,0.008,0.2701,1,identity,0.00529859,0.00529859,0.008,0.009,22559953.38,27921270.07,2100-01-01 00:01:00+00:00,94d88697-bff1-4236-8c19-bd4705e5f203,876ac5d1-6f79-4844-94f3-7ab712c081f0,False
2026-06-25 17:34:55,2026 FIFA World Cup Winner - Netherlands,opinion,polymarket,0.054,0.056,0.2,1,identity,0.047,0.054,0.056,0.057,34175341.94,52191978.32,2026-07-20 00:00:00+00:00,9a3e0027-8362-4f8f-b6ec-d1d85bf2a7bd,89b66964-38f8-48d7-aed1-efc2ee31f9fe,False
2026-06-25 17:34:55,Republican Presidential Nominee 2028 - Katie Britt,myriad,kalshi,0.00204,0.004,0.1958,1,identity,0.00204244,0.00204244,0.004,0.005,22559953.38,624511.77,2100-01-01 00:01:00+00:00,dc45ffc8-cd6e-4976-aaed-1c0e0c12bdeb,d481240e-7bbe-48cf-b9f8-d15b7e5dd8de,False
2026-06-25 17:34:55,Republican Presidential Nominee 2028 - Glenn Youngkin,myriad,kalshi,0.0033,0.005,0.1701,1,identity,0.0032994,0.0032994,0.005,0.009,22559953.38,919739.5,2100-01-01 00:01:00+00:00,90635c56-47ad-4aa5-a9f4-6e0f6da5e9d4,91b44a30-b554-43ea-b960-a0b5e7f8598e,False
2026-06-25 17:34:55,Will Steve Bannon be the nominee for the Presidency for the Republican party?,kalshi,myriad,0.004,0.00541,0.1414,1,identity,0.003,0.004,0.00541355,0.00541355,733923.2,22559953.38,2028-11-07 15:00:00+00:00,694de439-e8fd-4ba0-bf0e-f52fd89138f9,dc76a798-48d6-445b-8329-439de810a264,False
2026-06-25 17:34:55,Republican Presidential Nominee 2028 - Nikki Haley,myriad,kalshi,0.00264,0.004,0.1365,1,identity,0.00263547,0.00263547,0.004,0.005,22559953.38,1743588.1,2100-01-01 00:01:00+00:00,66cee2f4-f1e4-4f20-bf2b-a3d381d14320,1cc46cb0-7f19-40bb-9606-52c1b5c6e0be,False
2026-06-25 17:34:55,Republican Presidential Nominee 2028 - Matt Gaetz,myriad,polymarket,0.00674,0.007,0.0256,1,identity,0.00674381,0.00674381,0.007,0.008,22559953.38,19567719.65,2100-01-01 00:01:00+00:00,e3c94a65-324f-4a70-baeb-cddd359bfe2c,5cdcac5b-4170-43ae-84bf-6befcd238e5e,False
2026-06-25 17:34:55,Republican Presidential Nominee 2028 - Will Kristi Noem win the 2028 Republican ,polymarket,myriad,0.007,0.0071,0.0096,1,identity,0.006,0.007,0.00709581,0.00709581,34521980.48,22559953.38,2028-11-07 00:00:00+00:00,ac0732ef-77dc-405f-ae81-7741d4bc0bc0,4b4e704e-9db5-4556-8824-7c1f79720463,False
2026-06-25 23:02:21,Republican Presidential Nominee 2028 - Marco Rubio,myriad,opinion,0.05339,0.17,11.661,1,identity,0.0533899,0.0533899,0.17,0.684,23217562.19,74613.84,2100-01-01 00:01:00+00:00,b367e7ee-ec13-429c-907d-b59aeea6b897,86ff7a87-632c-4243-9530-6c50ed51abfa,False
2026-06-25 23:02:21,Republican Presidential Nominee 2028 - Tucker Carlson,myriad,limitless,0.00595,0.046,4.0049,1,identity,0.00595139,0.00595139,0.046,0.056,23217562.19,114925000,2100-01-01 00:01:00+00:00,0c92b5bd-457c-4e94-8c3f-f4681744bf4f,84222a4d-18be-4561-b198-d187f59892d0,False
2026-06-25 23:02:21,Republican Presidential Nominee 2028 - Donald Trump,limitless,myriad,0.029,0.06596,3.6962,1,identity,0.019,0.029,0.06596174,0.06596174,5466658389,23217562.19,2028-11-08 00:00:00+00:00,136f7cb1-4c27-4efa-8e44-16772d98ccd8,83666797-983b-4e26-b810-9dc8e34b2e5a,False
2026-06-25 23:02:21,Republican Presidential Nominee 2028 - Ron DeSantis,myriad,kalshi,0.00873,0.043,3.427,1,identity,0.00872964,0.00872964,0.043,0.045,23217562.19,2476202.41,2100-01-01 00:01:00+00:00,f5bee072-802a-426a-bb24-fe90a64c619f,8feeb232-fdb2-433f-a81c-b34dd910cebe,False
2026-06-25 23:02:21,Republican Presidential Nominee 2028 - Donald Trump Jr,myriad,kalshi,0.01575,0.044,2.8249,1,identity,0.01575114,0.01575114,0.044,0.045,23217562.19,2114163.74,2100-01-01 00:01:00+00:00,357a00cc-7816-4d58-8d5d-c1e2cafc8463,d3fb8504-8925-4b93-9d6a-b46399a396c4,False
2026-06-25 23:02:21,Republican Presidential Nominee 2028 - Ron DeSantis,myriad,opinion,0.00873,0.028,1.927,1,identity,0.00872964,0.00872964,0.028,0.878,23217562.19,6661240.12,2100-01-01 00:01:00+00:00,f5bee072-802a-426a-bb24-fe90a64c619f,f5fc4471-68a5-4e62-a273-48c485ffd1f7,False
2026-06-25 23:02:21,Republican Presidential Nominee 2028 - Ron DeSantis,myriad,polymarket,0.00873,0.023,1.427,1,identity,0.00872964,0.00872964,0.023,0.024,23217562.19,14235763.95,2100-01-01 00:01:00+00:00,f5bee072-802a-426a-bb24-fe90a64c619f,9546e10b-9758-4101-9e84-85fffe2e643d,False
2026-06-25 23:02:21,2026 FIFA World Cup Winner - France,limitless,kalshi,0.178,0.192,1.4,1,identity,0.177,0.178,0.192,0.198,15000206901,24766765.57,2026-10-14 00:00:00+00:00,3ab6db43-85ca-4ab2-a8a8-822db745df9b,5497c7f2-2c3d-4cd6-b845-45e7b37c1736,True
2026-06-25 23:02:21,Republican Presidential Nominee 2028 - Donald Trump Jr,myriad,polymarket,0.01575,0.027,1.1249,1,identity,0.01575114,0.01575114,0.027,0.028,23217562.19,8894193.52,2100-01-01 00:01:00+00:00,357a00cc-7816-4d58-8d5d-c1e2cafc8463,4fef1385-e4e5-4091-891a-0ef1c15762bf,False
2026-06-25 23:02:21,Which region will win Worlds 2026? - LEC,myriad,opinion,0.02961,0.038,0.8387,1,identity,0.02961322,0.02961322,0.038,0.064,6377275.1,2337351.18,2026-11-15 23:59:00+00:00,2f0b0443-14f9-40d7-8c4c-f9c4352d56b0,e8f8a408-cde3-4265-98af-13879fedc0fe,False
2026-06-25 23:02:21,Republican Presidential Nominee 2028 - Glenn Youngkin,myriad,polymarket,0.00492,0.013,0.8078,1,identity,0.00492244,0.00492244,0.013,0.014,23217562.19,8078237.26,2100-01-01 00:01:00+00:00,90635c56-47ad-4aa5-a9f4-6e0f6da5e9d4,f5ffc59f-a722-4675-9237-3b1a317120f7,False
2026-06-25 23:02:21,2026 FIFA World Cup Winner - Netherlands,opinion,kalshi,0.054,0.062,0.8,1,identity,0.039,0.054,0.062,0.068,34175341.94,24288411.61,2026-07-20 00:00:00+00:00,9a3e0027-8362-4f8f-b6ec-d1d85bf2a7bd,9ec4c7cd-6a44-4730-82bf-749c642127bd,False
2026-06-25 23:02:21,2026 FIFA World Cup Winner - France,limitless,polymarket,0.178,0.185,0.7,1,identity,0.177,0.178,0.185,0.186,15000206901,59222102.77,2026-10-14 00:00:00+00:00,3ab6db43-85ca-4ab2-a8a8-822db745df9b,34442783-2665-4a51-97ae-1fbe9c8d9bb1,True
2026-06-25 23:02:21,Republican Presidential Nominee 2028 - Ivanka Trump,myriad,polymarket,0.00335,0.01,0.6648,1,identity,0.00335243,0.00335243,0.01,0.011,23217562.19,7946997.58,2100-01-01 00:01:00+00:00,322e9b4b-d19d-4709-87f8-00d63bed45b8,b5c90800-84f4-4655-8530-5241268f6948,False
2026-06-25 23:02:21,World Cup Winner  - Will France win the 2026 FIFA World Cup?,polymarket,kalshi,0.186,0.192,0.6,1,identity,0.185,0.186,0.192,0.198,59222102.77,24766765.57,2026-07-20 00:00:00+00:00,34442783-2665-4a51-97ae-1fbe9c8d9bb1,5497c7f2-2c3d-4cd6-b845-45e7b37c1736,True
2026-06-25 23:02:21,Republican Presidential Nominee 2028 - Rand Paul,myriad,polymarket,0.0037,0.009,0.5303,1,identity,0.00369655,0.00369655,0.009,0.01,23217562.19,18943117.85,2100-01-01 00:01:00+00:00,79af93b0-413d-4012-beb5-4bcb3a043f6c,2d871045-5593-4fc4-8bd7-29c7b579f3ac,False
2026-06-25 23:02:21,World Cup Winner  - Will Germany win the 2026 FIFA World Cup?,polymarket,opinion,0.045,0.05,0.5,1,identity,0.044,0.045,0.05,0.064,51558361.05,9734636.4,2026-07-20 00:00:00+00:00,787ca888-fcbe-4169-8914-a32a912870fd,f69cd777-1d3b-47ea-870b-992045460b3f,False
2026-06-25 23:02:21,2026 FIFA World Cup Winner - Norway,opinion,polymarket,0.027,0.032,0.5,1,identity,0.024,0.027,0.032,0.033,35353446.9,54483733.47,2026-07-20 00:00:00+00:00,9e10c052-4664-4074-b71c-5e026b875167,98d60821-b0a9-4a3e-b083-4f1f702653d5,False
2026-06-25 23:02:21,Republican Presidential Nominee 2028 - Kim Kardashian,myriad,polymarket,0.00353,0.008,0.4472,1,identity,0.00352794,0.00352794,0.008,0.009,23217562.19,27921270.07,2100-01-01 00:01:00+00:00,94d88697-bff1-4236-8c19-bd4705e5f203,876ac5d1-6f79-4844-94f3-7ab712c081f0,False
2026-06-25 23:02:21,Republican Presidential Nominee 2028 - Nikki Haley,myriad,polymarket,0.00375,0.008,0.4254,1,identity,0.00374557,0.00374557,0.008,0.009,23217562.19,9946633.94,2100-01-01 00:01:00+00:00,66cee2f4-f1e4-4f20-bf2b-a3d381d14320,729d7246-428e-4b72-b25a-f61a270957d6,False
2026-06-25 23:02:21,World Cup Winner  - Will Portugal win the 2026 FIFA World Cup?,polymarket,kalshi,0.081,0.085,0.4,1,identity,0.08,0.081,0.085,0.09,53968886.35,27416342.16,2026-07-20 00:00:00+00:00,52dcc40d-d5ed-4e4d-8263-a0bbb47b2203,bcb6b6e0-1503-487a-a674-ef8196631fd8,True
2026-06-25 23:02:21,Republican Presidential Nominee 2028 - Byron Donalds,myriad,polymarket,0.003,0.007,0.3995,1,identity,0.00300471,0.00300471,0.007,0.008,23217562.19,43910452.07,2100-01-01 00:01:00+00:00,dd1d4f91-0e2a-43c5-87de-9cafa156fe86,4834b1e4-9acc-4a10-83f1-55fcf7cee974,False
2026-06-25 23:02:21,Republican Presidential Nominee 2028 - Erika Kirk,myriad,polymarket,0.00316,0.007,0.3844,1,identity,0.00315577,0.00315577,0.007,0.008,23217562.19,18126807.8,2100-01-01 00:01:00+00:00,4953f578-5357-4c4d-9770-94fca0be62a8,0dbeaed5-33a2-4e38-92e7-519dfda2c9b3,False
2026-06-25 23:02:21,Republican Presidential Nominee 2028 - John Thune,myriad,polymarket,0.00216,0.006,0.384,1,identity,0.00215967,0.00215967,0.006,0.007,23217562.19,35099662.74,2100-01-01 00:01:00+00:00,ca22f9a0-212f-4f37-ac84-03e505d1f28c,099a36e8-4ca1-4d00-a968-53b63cda70e5,False
2026-06-25 23:02:21,Republican Presidential Nominee 2028 - Katie Britt,myriad,polymarket,0.00426,0.008,0.374,1,identity,0.00426025,0.00426025,0.008,0.009,23217562.19,28396288.73,2100-01-01 00:01:00+00:00,dc45ffc8-cd6e-4976-aaed-1c0e0c12bdeb,ed1e00a3-93f9-42bf-9579-e218f3e2a3b8,False
2026-06-25 23:02:21,Republican Presidential Nominee 2028 - Elon Musk,myriad,polymarket,0.0053,0.009,0.37,1,identity,0.00529955,0.00529955,0.009,0.01,23217562.19,28355893.21,2100-01-01 00:01:00+00:00,0b082490-2549-4e6b-bec0-d2b1ef66f4f3,8ca00001-67eb-4a78-bda5-00472c883bed,False
2026-06-25 23:02:21,2026 FIFA World Cup Winner - Netherlands,opinion,polymarket,0.054,0.057,0.3,1,identity,0.039,0.054,0.057,0.058,34175341.94,52191978.32,2026-07-20 00:00:00+00:00,9a3e0027-8362-4f8f-b6ec-d1d85bf2a7bd,89b66964-38f8-48d7-aed1-efc2ee31f9fe,False
2026-06-25 23:02:21,Republican Presidential Nominee 2028 - Tom Brady,myriad,polymarket,0.00502,0.008,0.2976,1,identity,0.00502365,0.00502365,0.008,0.009,23217562.19,32628240.58,2100-01-01 00:01:00+00:00,da90005c-1dad-420b-9953-10914b8951a3,ee01237b-9f83-49ca-9544-096dc77a32ff,False
2026-06-25 23:02:21,Republican Presidential Nominee 2028 - Matt Gaetz,myriad,polymarket,0.00455,0.007,0.2445,1,identity,0.00455472,0.00455472,0.007,0.008,23217562.19,19567719.65,2100-01-01 00:01:00+00:00,e3c94a65-324f-4a70-baeb-cddd359bfe2c,5cdcac5b-4170-43ae-84bf-6befcd238e5e,False
2026-06-25 23:02:21,Republican Presidential Nominee 2028 - Josh Hawley,myriad,polymarket,0.0056,0.008,0.2396,1,identity,0.00560445,0.00560445,0.008,0.009,23217562.19,19798210.12,2100-01-01 00:01:00+00:00,ef874195-a416-4072-bbaa-c898d2304f87,2937a08d-6e9e-4c94-9144-cfe6ad0f2b18,False
2026-06-25 23:02:21,Republican Presidential Nominee 2028 - Josh Hawley,myriad,kalshi,0.0056,0.008,0.2396,1,identity,0.00560445,0.00560445,0.008,0.009,23217562.19,1280657.96,2100-01-01 00:01:00+00:00,ef874195-a416-4072-bbaa-c898d2304f87,147006b3-9b46-439e-a871-7f598a9aaa94,False
2026-06-25 23:02:21,Republican Presidential Nominee 2028 - Kristi Noem,myriad,polymarket,0.00402,0.006,0.1983,1,identity,0.00401665,0.00401665,0.006,0.007,23217562.19,34521980.48,2100-01-01 00:01:00+00:00,4b4e704e-9db5-4556-8824-7c1f79720463,ac0732ef-77dc-405f-ae81-7741d4bc0bc0,False
2026-06-25 23:02:21,Republican Presidential Nominee 2028 - Ted Cruz,myriad,kalshi,0.00773,0.009,0.1273,1,identity,0.00772673,0.00772673,0.009,0.01,23217562.19,1249689.53,2100-01-01 00:01:00+00:00,01f94550-7298-4a62-aaad-967860ceec36,c6f6dccb-cca3-4dac-88a1-c423f3a9d420,False
2026-06-25 23:02:21,Will Elise Stefanik be the nominee for the Presidency for the Republican party?,kalshi,myriad,0.002,0.00316,0.1155,1,identity,0.001,0.002,0.00315516,0.00315516,681004,23217562.19,2028-11-07 15:00:00+00:00,747a5ab5-d7c0-4a63-b560-ebab3e2029d0,5097a319-d4c0-43d9-8051-611ab79e9e24,False
2026-06-25 23:02:21,Republican Presidential Nominee 2028 - Nikki Haley,myriad,kalshi,0.00375,0.004,0.0254,1,identity,0.00374557,0.00374557,0.004,0.005,23217562.19,1747326.3,2100-01-01 00:01:00+00:00,66cee2f4-f1e4-4f20-bf2b-a3d381d14320,1cc46cb0-7f19-40bb-9606-52c1b5c6e0be,False
2026-06-25 23:02:21,Republican Presidential Nominee 2028 - Glenn Youngkin,myriad,kalshi,0.00492,0.005,0.0078,1,identity,0.00492244,0.00492244,0.005,0.009,23217562.19,919739.5,2100-01-01 00:01:00+00:00,90635c56-47ad-4aa5-a9f4-6e0f6da5e9d4,91b44a30-b554-43ea-b960-a0b5e7f8598e,False
2026-06-26 10:39:39,Republican Presidential Nominee 2028 - Marco Rubio,myriad,opinion,0.06738,0.17,10.2617,1,identity,0.0673834,0.0673834,0.17,0.684,23880115.79,74613.84,2100-01-01 00:01:00+00:00,b367e7ee-ec13-429c-907d-b59aeea6b897,86ff7a87-632c-4243-9530-6c50ed51abfa,False
2026-06-26 10:39:39,Republican Presidential Nominee 2028 - Donald Trump,limitless,myriad,0.029,0.06953,4.0527,1,identity,0.019,0.029,0.06952674,0.06952674,5466658389,23880115.79,2028-11-08 00:00:00+00:00,136f7cb1-4c27-4efa-8e44-16772d98ccd8,83666797-983b-4e26-b810-9dc8e34b2e5a,False
2026-06-26 10:39:39,Republican Presidential Nominee 2028 - Tucker Carlson,myriad,limitless,0.00712,0.047,3.988,1,identity,0.00712046,0.00712046,0.047,0.057,23880115.79,114925000,2100-01-01 00:01:00+00:00,0c92b5bd-457c-4e94-8c3f-f4681744bf4f,84222a4d-18be-4561-b198-d187f59892d0,False
2026-06-26 10:39:39,Republican Presidential Nominee 2028 - Ron DeSantis,myriad,kalshi,0.01044,0.044,3.3561,1,identity,0.01043908,0.01043908,0.044,0.045,23880115.79,2478322.92,2100-01-01 00:01:00+00:00,f5bee072-802a-426a-bb24-fe90a64c619f,8feeb232-fdb2-433f-a81c-b34dd910cebe,False
2026-06-26 10:39:39,Republican Presidential Nominee 2028 - Donald Trump Jr,myriad,kalshi,0.01848,0.044,2.5515,1,identity,0.01848489,0.01848489,0.044,0.045,23880115.79,2114174.15,2100-01-01 00:01:00+00:00,357a00cc-7816-4d58-8d5d-c1e2cafc8463,d3fb8504-8925-4b93-9d6a-b46399a396c4,False
2026-06-26 10:39:39,Republican Presidential Nominee 2028 - Ron DeSantis,myriad,opinion,0.01044,0.028,1.7561,1,identity,0.01043908,0.01043908,0.028,0.878,23880115.79,6661240.12,2100-01-01 00:01:00+00:00,f5bee072-802a-426a-bb24-fe90a64c619f,f5fc4471-68a5-4e62-a273-48c485ffd1f7,False
2026-06-26 10:39:39,2026 FIFA World Cup Winner - France,limitless,kalshi,0.178,0.195,1.7,1,identity,0.177,0.178,0.195,0.199,15000206901,25368722.49,2026-10-14 00:00:00+00:00,3ab6db43-85ca-4ab2-a8a8-822db745df9b,5497c7f2-2c3d-4cd6-b845-45e7b37c1736,True
2026-06-26 10:39:39,2026 FIFA World Cup Winner - Netherlands,opinion,kalshi,0.054,0.068,1.4,1,identity,0.039,0.054,0.068,0.071,34175341.94,25202733.59,2026-07-20 00:00:00+00:00,9a3e0027-8362-4f8f-b6ec-d1d85bf2a7bd,9ec4c7cd-6a44-4730-82bf-749c642127bd,False
2026-06-26 10:39:39,Republican Presidential Nominee 2028 - Ron DeSantis,myriad,polymarket,0.01044,0.023,1.2561,1,identity,0.01043908,0.01043908,0.023,0.024,23880115.79,14235763.95,2100-01-01 00:01:00+00:00,f5bee072-802a-426a-bb24-fe90a64c619f,9546e10b-9758-4101-9e84-85fffe2e643d,False
2026-06-26 10:39:39,2026 FIFA World Cup Winner - France,limitless,polymarket,0.178,0.189,1.1,1,identity,0.177,0.178,0.189,0.19,15000206901,59222102.77,2026-10-14 00:00:00+00:00,3ab6db43-85ca-4ab2-a8a8-822db745df9b,34442783-2665-4a51-97ae-1fbe9c8d9bb1,True
2026-06-26 10:39:39,Republican Presidential Nominee 2028 - Donald Trump Jr,myriad,polymarket,0.01848,0.028,0.9515,1,identity,0.01848489,0.01848489,0.028,0.029,23880115.79,8894193.52,2100-01-01 00:01:00+00:00,357a00cc-7816-4d58-8d5d-c1e2cafc8463,4fef1385-e4e5-4091-891a-0ef1c15762bf,False
2026-06-26 10:39:39,World Cup Winner  - Will Portugal win the 2026 FIFA World Cup?,polymarket,kalshi,0.084,0.093,0.9,1,identity,0.083,0.084,0.093,0.097,53968886.35,28294162.79,2026-07-20 00:00:00+00:00,52dcc40d-d5ed-4e4d-8263-a0bbb47b2203,bcb6b6e0-1503-487a-a674-ef8196631fd8,True
2026-06-26 10:39:39,Republican Presidential Nominee 2028 - Glenn Youngkin,myriad,polymarket,0.00692,0.013,0.6075,1,identity,0.00692453,0.00692453,0.013,0.014,23880115.79,8078237.26,2100-01-01 00:01:00+00:00,90635c56-47ad-4aa5-a9f4-6e0f6da5e9d4,f5ffc59f-a722-4675-9237-3b1a317120f7,False
2026-06-26 10:39:39,World Cup Winner  - Will France win the 2026 FIFA World Cup?,polymarket,kalshi,0.19,0.195,0.5,1,identity,0.189,0.19,0.195,0.199,59222102.77,25368722.49,2026-07-20 00:00:00+00:00,34442783-2665-4a51-97ae-1fbe9c8d9bb1,5497c7f2-2c3d-4cd6-b845-45e7b37c1736,True
2026-06-26 10:39:39,Republican Presidential Nominee 2028 - Ivanka Trump,myriad,polymarket,0.00579,0.01,0.4205,1,identity,0.00579464,0.00579464,0.01,0.011,23880115.79,7946997.58,2100-01-01 00:01:00+00:00,322e9b4b-d19d-4709-87f8-00d63bed45b8,b5c90800-84f4-4655-8530-5241268f6948,False
2026-06-26 10:39:39,World Cup Winner  - Will Germany win the 2026 FIFA World Cup?,polymarket,opinion,0.046,0.05,0.4,1,identity,0.045,0.046,0.05,0.06,51558361.05,9734661.4,2026-07-20 00:00:00+00:00,787ca888-fcbe-4169-8914-a32a912870fd,f69cd777-1d3b-47ea-870b-992045460b3f,False
2026-06-26 10:39:39,2026 FIFA World Cup Winner - Norway,opinion,polymarket,0.027,0.031,0.4,1,identity,0.024,0.027,0.031,0.032,35353446.9,54483733.47,2026-07-20 00:00:00+00:00,9e10c052-4664-4074-b71c-5e026b875167,98d60821-b0a9-4a3e-b083-4f1f702653d5,False
2026-06-26 10:39:39,Republican Presidential Nominee 2028 - Nikki Haley,myriad,polymarket,0.00425,0.008,0.3749,1,identity,0.00425084,0.00425084,0.008,0.009,23880115.79,9946633.94,2100-01-01 00:01:00+00:00,66cee2f4-f1e4-4f20-bf2b-a3d381d14320,729d7246-428e-4b72-b25a-f61a270957d6,False
2026-06-26 10:39:39,Republican Presidential Nominee 2028 - Kim Kardashian,myriad,polymarket,0.00431,0.008,0.3688,1,identity,0.00431216,0.00431216,0.008,0.009,23880115.79,27921270.07,2100-01-01 00:01:00+00:00,94d88697-bff1-4236-8c19-bd4705e5f203,876ac5d1-6f79-4844-94f3-7ab712c081f0,False
2026-06-26 10:39:39,Republican Presidential Nominee 2028 - Rand Paul,myriad,polymarket,0.00539,0.009,0.361,1,identity,0.00538954,0.00538954,0.009,0.01,23880115.79,18943117.85,2100-01-01 00:01:00+00:00,79af93b0-413d-4012-beb5-4bcb3a043f6c,2d871045-5593-4fc4-8bd7-29c7b579f3ac,False
2026-06-26 10:39:39,Will Elise Stefanik be the nominee for the Presidency for the Republican party?,kalshi,myriad,0.002,0.00549,0.3493,1,identity,0.001,0.002,0.00549251,0.00549251,681004,23880115.79,2028-11-07 15:00:00+00:00,747a5ab5-d7c0-4a63-b560-ebab3e2029d0,5097a319-d4c0-43d9-8051-611ab79e9e24,False
2026-06-26 10:39:39,Republican Presidential Nominee 2028 - Katie Britt,myriad,polymarket,0.00486,0.008,0.3138,1,identity,0.00486206,0.00486206,0.008,0.009,23880115.79,28396288.73,2100-01-01 00:01:00+00:00,dc45ffc8-cd6e-4976-aaed-1c0e0c12bdeb,ed1e00a3-93f9-42bf-9579-e218f3e2a3b8,False
2026-06-26 10:39:39,2026 FIFA World Cup Winner - Netherlands,opinion,polymarket,0.054,0.057,0.3,1,identity,0.039,0.054,0.057,0.058,34175341.94,52191978.32,2026-07-20 00:00:00+00:00,9a3e0027-8362-4f8f-b6ec-d1d85bf2a7bd,89b66964-38f8-48d7-aed1-efc2ee31f9fe,False
2026-06-26 10:39:39,Republican Presidential Nominee 2028 - Elon Musk,myriad,polymarket,0.00697,0.009,0.2031,1,identity,0.00696931,0.00696931,0.009,0.01,23880115.79,28355893.21,2100-01-01 00:01:00+00:00,0b082490-2549-4e6b-bec0-d2b1ef66f4f3,8ca00001-67eb-4a78-bda5-00472c883bed,False
2026-06-26 10:39:39,Republican Presidential Nominee 2028 - Erika Kirk,myriad,polymarket,0.00499,0.007,0.2011,1,identity,0.00498893,0.00498893,0.007,0.008,23880115.79,18126807.8,2100-01-01 00:01:00+00:00,4953f578-5357-4c4d-9770-94fca0be62a8,0dbeaed5-33a2-4e38-92e7-519dfda2c9b3,False
2026-06-26 10:39:39,Republican Presidential Nominee 2028 - Tom Brady,myriad,polymarket,0.00605,0.008,0.195,1,identity,0.00605027,0.00605027,0.008,0.009,23880115.79,32628240.58,2100-01-01 00:01:00+00:00,da90005c-1dad-420b-9953-10914b8951a3,ee01237b-9f83-49ca-9544-096dc77a32ff,False
2026-06-26 10:39:39,Republican Presidential Nominee 2028 - Byron Donalds,myriad,polymarket,0.00523,0.007,0.1767,1,identity,0.00523323,0.00523323,0.007,0.008,23880115.79,43910452.07,2100-01-01 00:01:00+00:00,dd1d4f91-0e2a-43c5-87de-9cafa156fe86,4834b1e4-9acc-4a10-83f1-55fcf7cee974,False
2026-06-26 10:39:39,Republican Presidential Nominee 2028 - John Thune,myriad,polymarket,0.00455,0.006,0.1454,1,identity,0.00454631,0.00454631,0.006,0.007,23880115.79,35099662.74,2100-01-01 00:01:00+00:00,ca22f9a0-212f-4f37-ac84-03e505d1f28c,099a36e8-4ca1-4d00-a968-53b63cda70e5,False
2026-06-26 10:39:39,Will Steve Bannon be the nominee for the Presidency for the Republican party?,kalshi,myriad,0.004,0.00532,0.132,1,identity,0.003,0.004,0.00531993,0.00531993,733923.2,23880115.79,2028-11-07 15:00:00+00:00,694de439-e8fd-4ba0-bf0e-f52fd89138f9,dc76a798-48d6-445b-8329-439de810a264,False
2026-06-26 10:39:39,Republican Presidential Nominee 2028 - Josh Hawley,myriad,polymarket,0.00674,0.008,0.1258,1,identity,0.00674206,0.00674206,0.008,0.009,23880115.79,19798210.12,2100-01-01 00:01:00+00:00,ef874195-a416-4072-bbaa-c898d2304f87,2937a08d-6e9e-4c94-9144-cfe6ad0f2b18,False
2026-06-26 10:39:39,Republican Presidential Nominee 2028 - Josh Hawley,myriad,kalshi,0.00674,0.008,0.1258,1,identity,0.00674206,0.00674206,0.008,0.009,23880115.79,1280657.96,2100-01-01 00:01:00+00:00,ef874195-a416-4072-bbaa-c898d2304f87,147006b3-9b46-439e-a871-7f598a9aaa94,False
2026-06-26 10:39:39,Will Byron Donalds be the nominee for the Presidency for the Republican party?,kalshi,myriad,0.004,0.00523,0.1233,1,identity,0.003,0.004,0.00523323,0.00523323,825641.12,23880115.79,2028-11-07 15:00:00+00:00,feaccc97-a439-4167-a49a-6988a156447c,dd1d4f91-0e2a-43c5-87de-9cafa156fe86,False
2026-06-26 10:39:39,Republican Presidential Nominee 2028 - Matt Gaetz,myriad,polymarket,0.00588,0.007,0.1121,1,identity,0.00587913,0.00587913,0.007,0.008,23880115.79,19567719.65,2100-01-01 00:01:00+00:00,e3c94a65-324f-4a70-baeb-cddd359bfe2c,5cdcac5b-4170-43ae-84bf-6befcd238e5e,False
2026-06-26 10:39:39,Will Ted Cruz be the nominee for the Presidency for the Republican party?,kalshi,myriad,0.01,0.01036,0.036,1,identity,0.009,0.01,0.01036013,0.01036013,1250559.53,23880115.79,2028-11-07 15:00:00+00:00,c6f6dccb-cca3-4dac-88a1-c423f3a9d420,01f94550-7298-4a62-aaad-967860ceec36,False
2026-06-26 10:39:39,Republican Presidential Nominee 2028 - Kristi Noem,myriad,polymarket,0.00578,0.006,0.0222,1,identity,0.00577774,0.00577774,0.006,0.007,23880115.79,34521980.48,2100-01-01 00:01:00+00:00,4b4e704e-9db5-4556-8824-7c1f79720463,ac0732ef-77dc-405f-ae81-7741d4bc0bc0,False
2026-06-26 17:23:18,Republican Presidential Nominee 2028 - Marco Rubio,myriad,opinion,0.08525,0.17,8.4752,1,identity,0.08524795,0.08524795,0.17,0.684,25313609.56,74613.84,2100-01-01 00:01:00+00:00,b367e7ee-ec13-429c-907d-b59aeea6b897,86ff7a87-632c-4243-9530-6c50ed51abfa,False
2026-06-26 17:23:18,Republican Presidential Nominee 2028 - Donald Trump,limitless,myriad,0.029,0.08725,5.8248,1,identity,0.019,0.029,0.0872476,0.0872476,5466658389,25313609.56,2028-11-08 00:00:00+00:00,136f7cb1-4c27-4efa-8e44-16772d98ccd8,83666797-983b-4e26-b810-9dc8e34b2e5a,False
2026-06-26 17:23:18,Republican Presidential Nominee 2028 - Tucker Carlson,myriad,limitless,0.00919,0.047,3.7805,1,identity,0.00919471,0.00919471,0.047,0.057,25313609.56,114925000,2100-01-01 00:01:00+00:00,0c92b5bd-457c-4e94-8c3f-f4681744bf4f,84222a4d-18be-4561-b198-d187f59892d0,False
2026-06-26 17:23:18,Republican Presidential Nominee 2028 - Ron DeSantis,myriad,kalshi,0.01318,0.043,2.9817,1,identity,0.01318289,0.01318289,0.043,0.044,25313609.56,2478922.81,2100-01-01 00:01:00+00:00,f5bee072-802a-426a-bb24-fe90a64c619f,8feeb232-fdb2-433f-a81c-b34dd910cebe,False
2026-06-26 17:23:18,Republican Presidential Nominee 2028 - Donald Trump Jr,myriad,kalshi,0.02395,0.044,2.0047,1,identity,0.02395274,0.02395274,0.044,0.045,25313609.56,2114257.05,2100-01-01 00:01:00+00:00,357a00cc-7816-4d58-8d5d-c1e2cafc8463,d3fb8504-8925-4b93-9d6a-b46399a396c4,False
2026-06-26 17:23:18,Will Nikki Haley be the nominee for the Presidency for the Republican party?,kalshi,myriad,0.005,0.022,1.7004,1,identity,0.004,0.005,0.02200406,0.02200406,1747326.3,25313609.56,2028-11-07 15:00:00+00:00,1cc46cb0-7f19-40bb-9606-52c1b5c6e0be,66cee2f4-f1e4-4f20-bf2b-a3d381d14320,False
2026-06-26 17:23:18,2026 FIFA World Cup Winner - Netherlands,opinion,kalshi,0.054,0.07,1.6,1,identity,0.039,0.054,0.07,0.071,34175341.94,25330429.24,2026-07-20 00:00:00+00:00,9a3e0027-8362-4f8f-b6ec-d1d85bf2a7bd,9ec4c7cd-6a44-4730-82bf-749c642127bd,False
2026-06-26 17:23:18,World Cup Winner  - Will Portugal win the 2026 FIFA World Cup?,polymarket,kalshi,0.084,0.1,1.6,1,identity,0.083,0.084,0.1,0.102,53968886.35,28628925.4,2026-07-20 00:00:00+00:00,52dcc40d-d5ed-4e4d-8263-a0bbb47b2203,bcb6b6e0-1503-487a-a674-ef8196631fd8,True
2026-06-26 17:23:18,Republican Presidential Nominee 2028 - Ron DeSantis,myriad,opinion,0.01318,0.028,1.4817,1,identity,0.01318289,0.01318289,0.028,0.878,25313609.56,6661240.12,2100-01-01 00:01:00+00:00,f5bee072-802a-426a-bb24-fe90a64c619f,f5fc4471-68a5-4e62-a273-48c485ffd1f7,False
2026-06-26 17:23:18,Republican Presidential Nominee 2028 - Will Nikki Haley win the 2028 Republican ,polymarket,myriad,0.009,0.022,1.3004,1,identity,0.008,0.009,0.02200406,0.02200406,9946633.94,25313609.56,2028-11-07 00:00:00+00:00,729d7246-428e-4b72-b25a-f61a270957d6,66cee2f4-f1e4-4f20-bf2b-a3d381d14320,False
2026-06-26 17:23:18,2026 FIFA World Cup Winner - France,limitless,polymarket,0.178,0.189,1.1,1,identity,0.177,0.178,0.189,0.19,15000206901,59222102.77,2026-10-14 00:00:00+00:00,3ab6db43-85ca-4ab2-a8a8-822db745df9b,34442783-2665-4a51-97ae-1fbe9c8d9bb1,True
2026-06-26 17:23:18,Republican Presidential Nominee 2028 - Ron DeSantis,myriad,polymarket,0.01318,0.023,0.9817,1,identity,0.01318289,0.01318289,0.023,0.024,25313609.56,14235763.95,2100-01-01 00:01:00+00:00,f5bee072-802a-426a-bb24-fe90a64c619f,9546e10b-9758-4101-9e84-85fffe2e643d,False
2026-06-26 17:23:18,World Cup Winner  - Will France win the 2026 FIFA World Cup?,polymarket,kalshi,0.19,0.199,0.9,1,identity,0.189,0.19,0.199,0.2,59222102.77,25552904.6,2026-07-20 00:00:00+00:00,34442783-2665-4a51-97ae-1fbe9c8d9bb1,5497c7f2-2c3d-4cd6-b845-45e7b37c1736,True
2026-06-26 17:23:18,Republican Presidential Nominee 2028 - Ivanka Trump,myriad,polymarket,0.00265,0.01,0.735,1,identity,0.00264958,0.00264958,0.01,0.011,25313609.56,7946997.58,2100-01-01 00:01:00+00:00,322e9b4b-d19d-4709-87f8-00d63bed45b8,b5c90800-84f4-4655-8530-5241268f6948,False
2026-06-26 17:23:18,Republican Presidential Nominee 2028 - Rand Paul,myriad,polymarket,0.00246,0.009,0.6537,1,identity,0.00246333,0.00246333,0.009,0.01,25313609.56,18943117.85,2100-01-01 00:01:00+00:00,79af93b0-413d-4012-beb5-4bcb3a043f6c,2d871045-5593-4fc4-8bd7-29c7b579f3ac,False
2026-06-26 17:23:18,Republican Presidential Nominee 2028 - Katie Britt,myriad,polymarket,0.00239,0.008,0.561,1,identity,0.00239042,0.00239042,0.008,0.009,25313609.56,28396288.73,2100-01-01 00:01:00+00:00,dc45ffc8-cd6e-4976-aaed-1c0e0c12bdeb,ed1e00a3-93f9-42bf-9579-e218f3e2a3b8,False
2026-06-26 17:23:18,Republican Presidential Nominee 2028 - Byron Donalds,myriad,polymarket,0.00239,0.007,0.4608,1,identity,0.00239151,0.00239151,0.007,0.008,25313609.56,43910452.07,2100-01-01 00:01:00+00:00,dd1d4f91-0e2a-43c5-87de-9cafa156fe86,4834b1e4-9acc-4a10-83f1-55fcf7cee974,False
2026-06-26 17:23:18,Republican Presidential Nominee 2028 - Glenn Youngkin,myriad,polymarket,0.0089,0.013,0.4099,1,identity,0.0089009,0.0089009,0.013,0.014,25313609.56,8078237.26,2100-01-01 00:01:00+00:00,90635c56-47ad-4aa5-a9f4-6e0f6da5e9d4,f5ffc59f-a722-4675-9237-3b1a317120f7,False
2026-06-26 17:23:18,2026 FIFA World Cup Winner - Netherlands,opinion,polymarket,0.054,0.057,0.3,1,identity,0.039,0.054,0.057,0.058,34175341.94,52191978.32,2026-07-20 00:00:00+00:00,9a3e0027-8362-4f8f-b6ec-d1d85bf2a7bd,89b66964-38f8-48d7-aed1-efc2ee31f9fe,False
2026-06-26 17:23:18,World Cup Winner  - Will Germany win the 2026 FIFA World Cup?,polymarket,opinion,0.047,0.05,0.3,1,identity,0.046,0.047,0.05,0.06,51558361.05,9734661.4,2026-07-20 00:00:00+00:00,787ca888-fcbe-4169-8914-a32a912870fd,f69cd777-1d3b-47ea-870b-992045460b3f,False
2026-06-26 17:23:18,2026 FIFA World Cup Winner - Norway,opinion,polymarket,0.027,0.03,0.3,1,identity,0.024,0.027,0.03,0.031,35353446.9,54483733.47,2026-07-20 00:00:00+00:00,9e10c052-4664-4074-b71c-5e026b875167,98d60821-b0a9-4a3e-b083-4f1f702653d5,False
2026-06-26 17:23:18,Republican Presidential Nominee 2028 - John Thune,myriad,polymarket,0.00316,0.006,0.284,1,identity,0.00316036,0.00316036,0.006,0.007,25313609.56,35099662.74,2100-01-01 00:01:00+00:00,ca22f9a0-212f-4f37-ac84-03e505d1f28c,099a36e8-4ca1-4d00-a968-53b63cda70e5,False
2026-06-26 17:23:18,Republican Presidential Nominee 2028 - Kim Kardashian,myriad,polymarket,0.00554,0.008,0.2456,1,identity,0.00554417,0.00554417,0.008,0.009,25313609.56,27921270.07,2100-01-01 00:01:00+00:00,94d88697-bff1-4236-8c19-bd4705e5f203,876ac5d1-6f79-4844-94f3-7ab712c081f0,False
2026-06-26 17:23:18,Republican Presidential Nominee 2028 - Donald Trump Jr,myriad,polymarket,0.02395,0.026,0.2047,1,identity,0.02395274,0.02395274,0.026,0.027,25313609.56,8894193.52,2100-01-01 00:01:00+00:00,357a00cc-7816-4d58-8d5d-c1e2cafc8463,4fef1385-e4e5-4091-891a-0ef1c15762bf,False
2026-06-26 17:23:18,World Cup Winner  - Will Spain win the 2026 FIFA World Cup?,polymarket,limitless,0.138,0.14,0.2,1,identity,0.137,0.138,0.14,0.15,53040410.83,9655261904,2026-07-20 00:00:00+00:00,4b99f70c-9ffc-41f6-86e1-34ddf1052be7,545c992d-369f-4010-b75f-32fa67e35baf,True
2026-06-26 17:23:18,Will Ted Cruz be the nominee for the Presidency for the Republican party?,kalshi,myriad,0.01,0.01189,0.1887,1,identity,0.009,0.01,0.01188681,0.01188681,1250948.69,25313609.56,2028-11-07 15:00:00+00:00,c6f6dccb-cca3-4dac-88a1-c423f3a9d420,01f94550-7298-4a62-aaad-967860ceec36,False
2026-06-26 17:23:18,Republican Presidential Nominee 2028 - Katie Britt,myriad,kalshi,0.00239,0.004,0.161,1,identity,0.00239042,0.00239042,0.004,0.005,25313609.56,624511.77,2100-01-01 00:01:00+00:00,dc45ffc8-cd6e-4976-aaed-1c0e0c12bdeb,d481240e-7bbe-48cf-b9f8-d15b7e5dd8de,False
2026-06-26 17:23:18,Republican Presidential Nominee 2028 - Erika Kirk,myriad,polymarket,0.0056,0.007,0.1396,1,identity,0.00560392,0.00560392,0.007,0.008,25313609.56,18126807.8,2100-01-01 00:01:00+00:00,4953f578-5357-4c4d-9770-94fca0be62a8,0dbeaed5-33a2-4e38-92e7-519dfda2c9b3,False
2026-06-26 17:23:18,Will Elise Stefanik be the nominee for the Presidency for the Republican party?,kalshi,myriad,0.002,0.00316,0.1162,1,identity,0.001,0.002,0.00316205,0.00316205,681004,25313609.56,2028-11-07 15:00:00+00:00,747a5ab5-d7c0-4a63-b560-ebab3e2029d0,5097a319-d4c0-43d9-8051-611ab79e9e24,False
2026-06-26 17:23:18,Republican Presidential Nominee 2028 - Byron Donalds,myriad,kalshi,0.00239,0.003,0.0608,1,identity,0.00239151,0.00239151,0.003,0.004,25313609.56,825641.12,2100-01-01 00:01:00+00:00,dd1d4f91-0e2a-43c5-87de-9cafa156fe86,feaccc97-a439-4167-a49a-6988a156447c,False
2026-06-26 17:23:18,Republican Presidential Nominee 2028 - Steve Bannon,myriad,kalshi,0.00243,0.003,0.0569,1,identity,0.00243135,0.00243135,0.003,0.004,25313609.56,733923.2,2100-01-01 00:01:00+00:00,dc76a798-48d6-445b-8329-439de810a264,694de439-e8fd-4ba0-bf0e-f52fd89138f9,False
2026-06-26 17:23:18,Republican Presidential Nominee 2028 - Will Kristi Noem win the 2028 Republican ,polymarket,myriad,0.007,0.00743,0.043,1,identity,0.006,0.007,0.00742979,0.00742979,34521980.48,25313609.56,2028-11-07 00:00:00+00:00,ac0732ef-77dc-405f-ae81-7741d4bc0bc0,4b4e704e-9db5-4556-8824-7c1f79720463,False
2026-06-26 17:23:18,Republican Presidential Nominee 2028 - Tom Brady,myriad,polymarket,0.00778,0.008,0.0221,1,identity,0.0077793,0.0077793,0.008,0.009,25313609.56,32628240.58,2100-01-01 00:01:00+00:00,da90005c-1dad-420b-9953-10914b8951a3,ee01237b-9f83-49ca-9544-096dc77a32ff,False
2026-06-26 17:23:18,Republican Presidential Nominee 2028 - Matt Gaetz,myriad,polymarket,0.00696,0.007,0.0042,1,identity,0.00695815,0.00695815,0.007,0.008,25313609.56,19567719.65,2100-01-01 00:01:00+00:00,e3c94a65-324f-4a70-baeb-cddd359bfe2c,5cdcac5b-4170-43ae-84bf-6befcd238e5e,False
2026-06-27 08:11:57,Republican Presidential Nominee 2028 - Marco Rubio,myriad,opinion,0.06107,0.181,11.9929,1,identity,0.06107072,0.06107072,0.181,0.684,26411051.62,74613.84,2100-01-01 00:01:00+00:00,b367e7ee-ec13-429c-907d-b59aeea6b897,86ff7a87-632c-4243-9530-6c50ed51abfa,False
2026-06-27 08:11:57,2026 FIFA World Cup Winner - France,limitless,kalshi,0.178,0.231,5.3,1,identity,0.177,0.178,0.231,0.232,15000206901,27646426.59,2026-10-14 00:00:00+00:00,3ab6db43-85ca-4ab2-a8a8-822db745df9b,5497c7f2-2c3d-4cd6-b845-45e7b37c1736,True
2026-06-27 08:11:57,Republican Presidential Nominee 2028 - Tucker Carlson,myriad,limitless,0.00573,0.047,4.127,1,identity,0.0057297,0.0057297,0.047,0.057,26411051.62,114925000,2100-01-01 00:01:00+00:00,0c92b5bd-457c-4e94-8c3f-f4681744bf4f,84222a4d-18be-4561-b198-d187f59892d0,False
2026-06-27 08:11:57,2026 FIFA World Cup Winner - France,limitless,polymarket,0.178,0.215,3.7,1,identity,0.177,0.178,0.215,0.216,15000206901,59222102.77,2026-10-14 00:00:00+00:00,3ab6db43-85ca-4ab2-a8a8-822db745df9b,34442783-2665-4a51-97ae-1fbe9c8d9bb1,True
2026-06-27 08:11:57,Republican Presidential Nominee 2028 - Ron DeSantis,myriad,kalshi,0.00827,0.044,3.5729,1,identity,0.0082709,0.0082709,0.044,0.047,26411051.62,2482680.93,2100-01-01 00:01:00+00:00,f5bee072-802a-426a-bb24-fe90a64c619f,8feeb232-fdb2-433f-a81c-b34dd910cebe,False
2026-06-27 08:11:57,Republican Presidential Nominee 2028 - Donald Trump,limitless,myriad,0.029,0.06441,3.5409,1,identity,0.019,0.029,0.06440868,0.06440868,5466658389,26411051.62,2028-11-08 00:00:00+00:00,136f7cb1-4c27-4efa-8e44-16772d98ccd8,83666797-983b-4e26-b810-9dc8e34b2e5a,False
2026-06-27 08:11:57,Republican Presidential Nominee 2028 - Donald Trump Jr,myriad,kalshi,0.01531,0.044,2.8691,1,identity,0.01530948,0.01530948,0.044,0.045,26411051.62,2114674.36,2100-01-01 00:01:00+00:00,357a00cc-7816-4d58-8d5d-c1e2cafc8463,d3fb8504-8925-4b93-9d6a-b46399a396c4,False
2026-06-27 08:11:57,2026 FIFA World Cup Winner - Argentina,opinion,kalshi,0.162,0.184,2.2,1,identity,0.122,0.162,0.184,0.185,3139590.09,23640727.31,2026-07-20 00:00:00+00:00,b7d0fde9-32e0-4241-b597-263c825b762d,ec93f7e4-5a37-4027-adfd-33eca0d498bd,False
2026-06-27 08:11:57,Republican Presidential Nominee 2028 - Ron DeSantis,myriad,opinion,0.00827,0.028,1.9729,1,identity,0.0082709,0.0082709,0.028,0.878,26411051.62,6661240.12,2100-01-01 00:01:00+00:00,f5bee072-802a-426a-bb24-fe90a64c619f,f5fc4471-68a5-4e62-a273-48c485ffd1f7,False
2026-06-27 08:11:57,World Cup Winner  - Will Portugal win the 2026 FIFA World Cup?,polymarket,kalshi,0.079,0.097,1.8,1,identity,0.078,0.079,0.097,0.098,53968886.35,29759646.8,2026-07-20 00:00:00+00:00,52dcc40d-d5ed-4e4d-8263-a0bbb47b2203,bcb6b6e0-1503-487a-a674-ef8196631fd8,True
2026-06-27 08:11:57,World Cup Winner  - Will France win the 2026 FIFA World Cup?,polymarket,kalshi,0.216,0.231,1.5,1,identity,0.215,0.216,0.231,0.232,59222102.77,27646426.59,2026-07-20 00:00:00+00:00,34442783-2665-4a51-97ae-1fbe9c8d9bb1,5497c7f2-2c3d-4cd6-b845-45e7b37c1736,True
2026-06-27 08:11:57,Republican Presidential Nominee 2028 - Ron DeSantis,myriad,polymarket,0.00827,0.023,1.4729,1,identity,0.0082709,0.0082709,0.023,0.024,26411051.62,14235763.95,2100-01-01 00:01:00+00:00,f5bee072-802a-426a-bb24-fe90a64c619f,9546e10b-9758-4101-9e84-85fffe2e643d,False
2026-06-27 08:11:57,Republican Presidential Nominee 2028 - Donald Trump Jr,myriad,polymarket,0.01531,0.025,0.9691,1,identity,0.01530948,0.01530948,0.025,0.026,26411051.62,8894193.52,2100-01-01 00:01:00+00:00,357a00cc-7816-4d58-8d5d-c1e2cafc8463,4fef1385-e4e5-4091-891a-0ef1c15762bf,False
2026-06-27 08:11:57,Republican Presidential Nominee 2028 - Glenn Youngkin,myriad,polymarket,0.00555,0.012,0.645,1,identity,0.00555019,0.00555019,0.012,0.013,26411051.62,8078237.26,2100-01-01 00:01:00+00:00,90635c56-47ad-4aa5-a9f4-6e0f6da5e9d4,f5ffc59f-a722-4675-9237-3b1a317120f7,False
2026-06-27 08:11:57,Republican Presidential Nominee 2028 - Ivanka Trump,myriad,polymarket,0.00383,0.01,0.6167,1,identity,0.0038326,0.0038326,0.01,0.011,26411051.62,7946997.58,2100-01-01 00:01:00+00:00,322e9b4b-d19d-4709-87f8-00d63bed45b8,b5c90800-84f4-4655-8530-5241268f6948,False
2026-06-27 08:11:57,Republican Presidential Nominee 2028 - Rand Paul,myriad,polymarket,0.00356,0.009,0.5441,1,identity,0.00355879,0.00355879,0.009,0.01,26411051.62,18943117.85,2100-01-01 00:01:00+00:00,79af93b0-413d-4012-beb5-4bcb3a043f6c,2d871045-5593-4fc4-8bd7-29c7b579f3ac,False
2026-06-27 08:11:57,2026 FIFA World Cup Winner - Netherlands,opinion,kalshi,0.054,0.059,0.5,1,identity,0.039,0.054,0.059,0.06,34175341.94,26207141.37,2026-07-20 00:00:00+00:00,9a3e0027-8362-4f8f-b6ec-d1d85bf2a7bd,9ec4c7cd-6a44-4730-82bf-749c642127bd,False
2026-06-27 08:11:57,Republican Presidential Nominee 2028 - Nikki Haley,myriad,polymarket,0.00309,0.008,0.4907,1,identity,0.00309335,0.00309335,0.008,0.009,26411051.62,9946633.94,2100-01-01 00:01:00+00:00,66cee2f4-f1e4-4f20-bf2b-a3d381d14320,729d7246-428e-4b72-b25a-f61a270957d6,False
2026-06-27 08:11:57,Republican Presidential Nominee 2028 - Katie Britt,myriad,polymarket,0.00341,0.008,0.4594,1,identity,0.00340596,0.00340596,0.008,0.009,26411051.62,28396288.73,2100-01-01 00:01:00+00:00,dc45ffc8-cd6e-4976-aaed-1c0e0c12bdeb,ed1e00a3-93f9-42bf-9579-e218f3e2a3b8,False
2026-06-27 08:11:57,Republican Presidential Nominee 2028 - Kim Kardashian,myriad,polymarket,0.00342,0.008,0.4576,1,identity,0.00342396,0.00342396,0.008,0.009,26411051.62,27921270.07,2100-01-01 00:01:00+00:00,94d88697-bff1-4236-8c19-bd4705e5f203,876ac5d1-6f79-4844-94f3-7ab712c081f0,False
2026-06-27 08:11:57,World Cup Winner  - Will Germany win the 2026 FIFA World Cup?,polymarket,opinion,0.046,0.05,0.4,1,identity,0.045,0.046,0.05,0.06,51558361.05,9734661.4,2026-07-20 00:00:00+00:00,787ca888-fcbe-4169-8914-a32a912870fd,f69cd777-1d3b-47ea-870b-992045460b3f,False
2026-06-27 08:11:57,Republican Presidential Nominee 2028 - Byron Donalds,myriad,polymarket,0.0032,0.007,0.3799,1,identity,0.00320111,0.00320111,0.007,0.008,26411051.62,43910452.07,2100-01-01 00:01:00+00:00,dd1d4f91-0e2a-43c5-87de-9cafa156fe86,4834b1e4-9acc-4a10-83f1-55fcf7cee974,False
2026-06-27 08:11:57,Republican Presidential Nominee 2028 - Erika Kirk,myriad,polymarket,0.00347,0.007,0.3525,1,identity,0.00347487,0.00347487,0.007,0.008,26411051.62,18126807.8,2100-01-01 00:01:00+00:00,4953f578-5357-4c4d-9770-94fca0be62a8,0dbeaed5-33a2-4e38-92e7-519dfda2c9b3,False
2026-06-27 08:11:57,Republican Presidential Nominee 2028 - Elon Musk,myriad,polymarket,0.00556,0.009,0.3442,1,identity,0.00555817,0.00555817,0.009,0.01,26411051.62,28355893.21,2100-01-01 00:01:00+00:00,0b082490-2549-4e6b-bec0-d2b1ef66f4f3,8ca00001-67eb-4a78-bda5-00472c883bed,False
2026-06-27 08:11:57,Republican Presidential Nominee 2028 - Tom Brady,myriad,polymarket,0.00484,0.008,0.3164,1,identity,0.00483607,0.00483607,0.008,0.009,26411051.62,32628240.58,2100-01-01 00:01:00+00:00,da90005c-1dad-420b-9953-10914b8951a3,ee01237b-9f83-49ca-9544-096dc77a32ff,False
2026-06-27 08:11:57,Republican Presidential Nominee 2028 - Matt Gaetz,myriad,polymarket,0.00398,0.007,0.3019,1,identity,0.00398116,0.00398116,0.007,0.008,26411051.62,19567719.65,2100-01-01 00:01:00+00:00,e3c94a65-324f-4a70-baeb-cddd359bfe2c,5cdcac5b-4170-43ae-84bf-6befcd238e5e,False
2026-06-27 08:11:57,Republican Presidential Nominee 2028 - John Thune,myriad,polymarket,0.0033,0.006,0.2703,1,identity,0.00329731,0.00329731,0.006,0.007,26411051.62,35099662.74,2100-01-01 00:01:00+00:00,ca22f9a0-212f-4f37-ac84-03e505d1f28c,099a36e8-4ca1-4d00-a968-53b63cda70e5,False
2026-06-27 08:11:57,Republican Presidential Nominee 2028 - Josh Hawley,myriad,kalshi,0.0054,0.008,0.2604,1,identity,0.00539567,0.00539567,0.008,0.009,26411051.62,1280761.36,2100-01-01 00:01:00+00:00,ef874195-a416-4072-bbaa-c898d2304f87,147006b3-9b46-439e-a871-7f598a9aaa94,False
2026-06-27 08:11:57,Republican Presidential Nominee 2028 - Josh Hawley,myriad,polymarket,0.0054,0.008,0.2604,1,identity,0.00539567,0.00539567,0.008,0.009,26411051.62,19798210.12,2100-01-01 00:01:00+00:00,ef874195-a416-4072-bbaa-c898d2304f87,2937a08d-6e9e-4c94-9144-cfe6ad0f2b18,False
2026-06-27 08:11:57,Republican Presidential Nominee 2028 - Ted Cruz,myriad,kalshi,0.00707,0.009,0.1934,1,identity,0.00706602,0.00706602,0.009,0.01,26411051.62,1250948.69,2100-01-01 00:01:00+00:00,01f94550-7298-4a62-aaad-967860ceec36,c6f6dccb-cca3-4dac-88a1-c423f3a9d420,False
2026-06-27 08:11:57,Will Elise Stefanik be the nominee for the Presidency for the Republican party?,kalshi,myriad,0.002,0.0036,0.1603,1,identity,0.001,0.002,0.0036026,0.0036026,681004,26411051.62,2028-11-07 15:00:00+00:00,747a5ab5-d7c0-4a63-b560-ebab3e2029d0,5097a319-d4c0-43d9-8051-611ab79e9e24,False
2026-06-27 08:11:57,Republican Presidential Nominee 2028 - Kristi Noem,myriad,polymarket,0.00462,0.006,0.1384,1,identity,0.00461606,0.00461606,0.006,0.007,26411051.62,34521980.48,2100-01-01 00:01:00+00:00,4b4e704e-9db5-4556-8824-7c1f79720463,ac0732ef-77dc-405f-ae81-7741d4bc0bc0,False
2026-06-27 08:11:57,Republican Presidential Nominee 2028 - Nikki Haley,myriad,kalshi,0.00309,0.004,0.0907,1,identity,0.00309335,0.00309335,0.004,0.005,26411051.62,1747511.42,2100-01-01 00:01:00+00:00,66cee2f4-f1e4-4f20-bf2b-a3d381d14320,1cc46cb0-7f19-40bb-9606-52c1b5c6e0be,False
2026-06-27 08:11:57,Republican Presidential Nominee 2028 - Katie Britt,myriad,kalshi,0.00341,0.004,0.0594,1,identity,0.00340596,0.00340596,0.004,0.005,26411051.62,624511.77,2100-01-01 00:01:00+00:00,dc45ffc8-cd6e-4976-aaed-1c0e0c12bdeb,d481240e-7bbe-48cf-b9f8-d15b7e5dd8de,False
2026-06-27 12:56:38,Republican Presidential Nominee 2028 - Marco Rubio,myriad,opinion,0.06174,0.181,11.9264,1,identity,0.0617361,0.0617361,0.181,0.684,27569667.47,74613.84,2100-01-01 00:01:00+00:00,b367e7ee-ec13-429c-907d-b59aeea6b897,86ff7a87-632c-4243-9530-6c50ed51abfa,False
2026-06-27 12:56:38,2026 FIFA World Cup Winner - France,limitless,kalshi,0.178,0.232,5.4,1,identity,0.177,0.178,0.232,0.233,15000206901,27864087.77,2026-10-14 00:00:00+00:00,3ab6db43-85ca-4ab2-a8a8-822db745df9b,5497c7f2-2c3d-4cd6-b845-45e7b37c1736,True
2026-06-27 12:56:38,Republican Presidential Nominee 2028 - Tucker Carlson,myriad,limitless,0.00035,0.047,4.6653,1,identity,0.00034665,0.00034665,0.047,0.057,27569667.47,114925000,2100-01-01 00:01:00+00:00,0c92b5bd-457c-4e94-8c3f-f4681744bf4f,84222a4d-18be-4561-b198-d187f59892d0,False
2026-06-27 12:56:38,Republican Presidential Nominee 2028 - Donald Trump Jr,myriad,kalshi,0.00077,0.044,4.3234,1,identity,0.00076553,0.00076553,0.044,0.045,27569667.47,2114674.36,2100-01-01 00:01:00+00:00,357a00cc-7816-4d58-8d5d-c1e2cafc8463,d3fb8504-8925-4b93-9d6a-b46399a396c4,False
2026-06-27 12:56:38,2026 FIFA World Cup Winner - France,limitless,polymarket,0.178,0.216,3.8,1,identity,0.177,0.178,0.216,0.217,15000206901,59222102.77,2026-10-14 00:00:00+00:00,3ab6db43-85ca-4ab2-a8a8-822db745df9b,34442783-2665-4a51-97ae-1fbe9c8d9bb1,True
2026-06-27 12:56:38,Republican Presidential Nominee 2028 - Ron DeSantis,myriad,kalshi,0.00828,0.044,3.5716,1,identity,0.0082835,0.0082835,0.044,0.047,27569667.47,2482680.93,2100-01-01 00:01:00+00:00,f5bee072-802a-426a-bb24-fe90a64c619f,8feeb232-fdb2-433f-a81c-b34dd910cebe,False
2026-06-27 12:56:38,2026 FIFA World Cup Winner - Argentina,opinion,kalshi,0.162,0.187,2.5,1,identity,0.122,0.162,0.187,0.188,3139590.09,23816313.86,2026-07-20 00:00:00+00:00,b7d0fde9-32e0-4241-b597-263c825b762d,ec93f7e4-5a37-4027-adfd-33eca0d498bd,False
2026-06-27 12:56:38,Republican Presidential Nominee 2028 - Donald Trump Jr,myriad,polymarket,0.00077,0.025,2.4234,1,identity,0.00076553,0.00076553,0.025,0.026,27569667.47,8894193.52,2100-01-01 00:01:00+00:00,357a00cc-7816-4d58-8d5d-c1e2cafc8463,4fef1385-e4e5-4091-891a-0ef1c15762bf,False
2026-06-27 12:56:38,Republican Presidential Nominee 2028 - Ron DeSantis,myriad,opinion,0.00828,0.028,1.9717,1,identity,0.0082835,0.0082835,0.028,0.878,27569667.47,6661240.12,2100-01-01 00:01:00+00:00,f5bee072-802a-426a-bb24-fe90a64c619f,f5fc4471-68a5-4e62-a273-48c485ffd1f7,False
2026-06-27 12:56:38,Republican Presidential Nominee 2028 - Donald Trump,myriad,limitless,0.00171,0.019,1.7292,1,identity,0.00170769,0.00170769,0.019,0.029,27569667.47,5466658389,2100-01-01 00:01:00+00:00,83666797-983b-4e26-b810-9dc8e34b2e5a,136f7cb1-4c27-4efa-8e44-16772d98ccd8,False
2026-06-27 12:56:38,World Cup Winner  - Will France win the 2026 FIFA World Cup?,polymarket,kalshi,0.217,0.232,1.5,1,identity,0.216,0.217,0.232,0.233,59222102.77,27864087.77,2026-07-20 00:00:00+00:00,34442783-2665-4a51-97ae-1fbe9c8d9bb1,5497c7f2-2c3d-4cd6-b845-45e7b37c1736,True
2026-06-27 12:56:38,World Cup Winner  - Will Portugal win the 2026 FIFA World Cup?,polymarket,kalshi,0.081,0.096,1.5,1,identity,0.08,0.081,0.096,0.097,53968886.35,29878074.31,2026-07-20 00:00:00+00:00,52dcc40d-d5ed-4e4d-8263-a0bbb47b2203,bcb6b6e0-1503-487a-a674-ef8196631fd8,True
2026-06-27 12:56:38,Republican Presidential Nominee 2028 - Ron DeSantis,myriad,polymarket,0.00828,0.023,1.4717,1,identity,0.0082835,0.0082835,0.023,0.024,27569667.47,14235763.95,2100-01-01 00:01:00+00:00,f5bee072-802a-426a-bb24-fe90a64c619f,9546e10b-9758-4101-9e84-85fffe2e643d,False
2026-06-27 12:56:38,Republican Presidential Nominee 2028 - Glenn Youngkin,myriad,polymarket,0.00555,0.012,0.6448,1,identity,0.00555248,0.00555248,0.012,0.013,27569667.47,8078237.26,2100-01-01 00:01:00+00:00,90635c56-47ad-4aa5-a9f4-6e0f6da5e9d4,f5ffc59f-a722-4675-9237-3b1a317120f7,False
2026-06-27 12:56:38,Republican Presidential Nominee 2028 - Ivanka Trump,myriad,polymarket,0.00383,0.01,0.6167,1,identity,0.0038326,0.0038326,0.01,0.011,27569667.47,7946997.58,2100-01-01 00:01:00+00:00,322e9b4b-d19d-4709-87f8-00d63bed45b8,b5c90800-84f4-4655-8530-5241268f6948,False
2026-06-27 12:56:38,World Cup Winner  - Will Germany win the 2026 FIFA World Cup?,polymarket,opinion,0.044,0.05,0.6,1,identity,0.043,0.044,0.05,0.06,51558361.05,9734661.4,2026-07-20 00:00:00+00:00,787ca888-fcbe-4169-8914-a32a912870fd,f69cd777-1d3b-47ea-870b-992045460b3f,False
2026-06-27 12:56:38,Republican Presidential Nominee 2028 - Rand Paul,myriad,polymarket,0.00356,0.009,0.5441,1,identity,0.00355857,0.00355857,0.009,0.01,27569667.47,18943117.85,2100-01-01 00:01:00+00:00,79af93b0-413d-4012-beb5-4bcb3a043f6c,2d871045-5593-4fc4-8bd7-29c7b579f3ac,False
2026-06-27 12:56:38,Republican Presidential Nominee 2028 - Nikki Haley,myriad,polymarket,0.00337,0.008,0.4633,1,identity,0.00336719,0.00336719,0.008,0.009,27569667.47,9946633.94,2100-01-01 00:01:00+00:00,66cee2f4-f1e4-4f20-bf2b-a3d381d14320,729d7246-428e-4b72-b25a-f61a270957d6,False
2026-06-27 12:56:38,Republican Presidential Nominee 2028 - Katie Britt,myriad,polymarket,0.00341,0.008,0.4586,1,identity,0.00341403,0.00341403,0.008,0.009,27569667.47,28396288.73,2100-01-01 00:01:00+00:00,dc45ffc8-cd6e-4976-aaed-1c0e0c12bdeb,ed1e00a3-93f9-42bf-9579-e218f3e2a3b8,False
2026-06-27 12:56:38,Republican Presidential Nominee 2028 - Kim Kardashian,myriad,polymarket,0.00342,0.008,0.4576,1,identity,0.00342375,0.00342375,0.008,0.009,27569667.47,27921270.07,2100-01-01 00:01:00+00:00,94d88697-bff1-4236-8c19-bd4705e5f203,876ac5d1-6f79-4844-94f3-7ab712c081f0,False
2026-06-27 12:56:38,2026 FIFA World Cup Winner - Netherlands,opinion,kalshi,0.054,0.058,0.4,1,identity,0.039,0.054,0.058,0.059,34175341.94,26278968.02,2026-07-20 00:00:00+00:00,9a3e0027-8362-4f8f-b6ec-d1d85bf2a7bd,9ec4c7cd-6a44-4730-82bf-749c642127bd,False
2026-06-27 12:56:38,Republican Presidential Nominee 2028 - Byron Donalds,myriad,polymarket,0.00346,0.007,0.3543,1,identity,0.00345657,0.00345657,0.007,0.008,27569667.47,43910452.07,2100-01-01 00:01:00+00:00,dd1d4f91-0e2a-43c5-87de-9cafa156fe86,4834b1e4-9acc-4a10-83f1-55fcf7cee974,False
2026-06-27 12:56:38,Republican Presidential Nominee 2028 - Erika Kirk,myriad,polymarket,0.00348,0.007,0.3521,1,identity,0.0034786,0.0034786,0.007,0.008,27569667.47,18126807.8,2100-01-01 00:01:00+00:00,4953f578-5357-4c4d-9770-94fca0be62a8,0dbeaed5-33a2-4e38-92e7-519dfda2c9b3,False
2026-06-27 12:56:38,Republican Presidential Nominee 2028 - Elon Musk,myriad,polymarket,0.00555,0.009,0.3446,1,identity,0.00555371,0.00555371,0.009,0.01,27569667.47,28355893.21,2100-01-01 00:01:00+00:00,0b082490-2549-4e6b-bec0-d2b1ef66f4f3,8ca00001-67eb-4a78-bda5-00472c883bed,False
2026-06-27 12:56:38,Republican Presidential Nominee 2028 - Tom Brady,myriad,polymarket,0.00485,0.008,0.3153,1,identity,0.0048467,0.0048467,0.008,0.009,27569667.47,32628240.58,2100-01-01 00:01:00+00:00,da90005c-1dad-420b-9953-10914b8951a3,ee01237b-9f83-49ca-9544-096dc77a32ff,False
2026-06-27 12:56:38,Republican Presidential Nominee 2028 - Matt Gaetz,myriad,polymarket,0.0042,0.007,0.2804,1,identity,0.00419577,0.00419577,0.007,0.008,27569667.47,19567719.65,2100-01-01 00:01:00+00:00,e3c94a65-324f-4a70-baeb-cddd359bfe2c,5cdcac5b-4170-43ae-84bf-6befcd238e5e,False
2026-06-27 12:56:38,Republican Presidential Nominee 2028 - John Thune,myriad,polymarket,0.00402,0.006,0.1976,1,identity,0.00402416,0.00402416,0.006,0.007,27569667.47,35099662.74,2100-01-01 00:01:00+00:00,ca22f9a0-212f-4f37-ac84-03e505d1f28c,099a36e8-4ca1-4d00-a968-53b63cda70e5,False
2026-06-27 12:56:38,Republican Presidential Nominee 2028 - Josh Hawley,myriad,kalshi,0.0062,0.008,0.1799,1,identity,0.00620095,0.00620095,0.008,0.009,27569667.47,1280761.36,2100-01-01 00:01:00+00:00,ef874195-a416-4072-bbaa-c898d2304f87,147006b3-9b46-439e-a871-7f598a9aaa94,False
2026-06-27 12:56:38,Republican Presidential Nominee 2028 - Josh Hawley,myriad,polymarket,0.0062,0.008,0.1799,1,identity,0.00620095,0.00620095,0.008,0.009,27569667.47,19798210.12,2100-01-01 00:01:00+00:00,ef874195-a416-4072-bbaa-c898d2304f87,2937a08d-6e9e-4c94-9144-cfe6ad0f2b18,False
2026-06-27 12:56:38,Will Elise Stefanik be the nominee for the Presidency for the Republican party?,kalshi,myriad,0.002,0.0036,0.16,1,identity,0.001,0.002,0.00359982,0.00359982,681004,27569667.47,2028-11-07 15:00:00+00:00,747a5ab5-d7c0-4a63-b560-ebab3e2029d0,5097a319-d4c0-43d9-8051-611ab79e9e24,False
2026-06-27 12:56:38,Republican Presidential Nominee 2028 - Ted Cruz,myriad,kalshi,0.00745,0.009,0.1551,1,identity,0.00744892,0.00744892,0.009,0.01,27569667.47,1251080.36,2100-01-01 00:01:00+00:00,01f94550-7298-4a62-aaad-967860ceec36,c6f6dccb-cca3-4dac-88a1-c423f3a9d420,False
2026-06-27 12:56:38,Republican Presidential Nominee 2028 - Kristi Noem,myriad,polymarket,0.00462,0.006,0.1379,1,identity,0.00462095,0.00462095,0.006,0.007,27569667.47,34521980.48,2100-01-01 00:01:00+00:00,4b4e704e-9db5-4556-8824-7c1f79720463,ac0732ef-77dc-405f-ae81-7741d4bc0bc0,False
2026-06-27 12:56:38,Republican Presidential Nominee 2028 - Nikki Haley,myriad,kalshi,0.00337,0.004,0.0633,1,identity,0.00336719,0.00336719,0.004,0.005,27569667.47,1747511.42,2100-01-01 00:01:00+00:00,66cee2f4-f1e4-4f20-bf2b-a3d381d14320,1cc46cb0-7f19-40bb-9606-52c1b5c6e0be,False
2026-06-27 12:56:38,Republican Presidential Nominee 2028 - Katie Britt,myriad,kalshi,0.00341,0.004,0.0586,1,identity,0.00341403,0.00341403,0.004,0.005,27569667.47,624511.77,2100-01-01 00:01:00+00:00,dc45ffc8-cd6e-4976-aaed-1c0e0c12bdeb,d481240e-7bbe-48cf-b9f8-d15b7e5dd8de,False
2026-06-27 16:48:02,Republican Presidential Nominee 2028 - Marco Rubio,myriad,opinion,0.09921,0.181,8.1792,1,identity,0.09920849,0.09920849,0.181,0.684,28164973.77,74613.84,2100-01-01 00:01:00+00:00,b367e7ee-ec13-429c-907d-b59aeea6b897,86ff7a87-632c-4243-9530-6c50ed51abfa,False
2026-06-27 16:48:02,2026 FIFA World Cup Winner - France,limitless,kalshi,0.178,0.236,5.8,1,identity,0.17,0.178,0.236,0.238,15000206901,28136986.58,2026-10-14 00:00:00+00:00,3ab6db43-85ca-4ab2-a8a8-822db745df9b,5497c7f2-2c3d-4cd6-b845-45e7b37c1736,True
2026-06-27 16:48:02,Republican Presidential Nominee 2028 - Donald Trump,limitless,myriad,0.029,0.08688,5.7878,1,identity,0.019,0.029,0.08687767,0.08687767,5466658389,28164973.77,2028-11-08 00:00:00+00:00,136f7cb1-4c27-4efa-8e44-16772d98ccd8,83666797-983b-4e26-b810-9dc8e34b2e5a,False
2026-06-27 16:48:02,2026 FIFA World Cup Winner - France,limitless,polymarket,0.178,0.229,5.1,1,identity,0.17,0.178,0.229,0.23,15000206901,59222102.77,2026-10-14 00:00:00+00:00,3ab6db43-85ca-4ab2-a8a8-822db745df9b,34442783-2665-4a51-97ae-1fbe9c8d9bb1,True
2026-06-27 16:48:02,Republican Presidential Nominee 2028 - Tucker Carlson,myriad,limitless,0.0071,0.047,3.9904,1,identity,0.00709638,0.00709638,0.047,0.057,28164973.77,114925000,2100-01-01 00:01:00+00:00,0c92b5bd-457c-4e94-8c3f-f4681744bf4f,84222a4d-18be-4561-b198-d187f59892d0,False
2026-06-27 16:48:02,Republican Presidential Nominee 2028 - Ron DeSantis,myriad,kalshi,0.0103,0.044,3.3702,1,identity,0.01029807,0.01029807,0.044,0.047,28164973.77,2482699.47,2100-01-01 00:01:00+00:00,f5bee072-802a-426a-bb24-fe90a64c619f,8feeb232-fdb2-433f-a81c-b34dd910cebe,False
2026-06-27 16:48:02,2026 FIFA World Cup Winner - Argentina,opinion,kalshi,0.162,0.192,3.0,1,identity,0.122,0.162,0.192,0.193,3139590.09,24125343.09,2026-07-20 00:00:00+00:00,b7d0fde9-32e0-4241-b597-263c825b762d,ec93f7e4-5a37-4027-adfd-33eca0d498bd,False
2026-06-27 16:48:02,Republican Presidential Nominee 2028 - Donald Trump Jr,myriad,kalshi,0.01895,0.044,2.5051,1,identity,0.01894879,0.01894879,0.044,0.045,28164973.77,2114674.36,2100-01-01 00:01:00+00:00,357a00cc-7816-4d58-8d5d-c1e2cafc8463,d3fb8504-8925-4b93-9d6a-b46399a396c4,False
2026-06-27 16:48:02,Republican Presidential Nominee 2028 - Ron DeSantis,myriad,opinion,0.0103,0.028,1.7702,1,identity,0.01029807,0.01029807,0.028,0.878,28164973.77,6661240.12,2100-01-01 00:01:00+00:00,f5bee072-802a-426a-bb24-fe90a64c619f,f5fc4471-68a5-4e62-a273-48c485ffd1f7,False
2026-06-27 16:48:02,World Cup Winner  - Will Portugal win the 2026 FIFA World Cup?,polymarket,kalshi,0.083,0.096,1.3,1,identity,0.082,0.083,0.096,0.099,53968886.35,30039369.47,2026-07-20 00:00:00+00:00,52dcc40d-d5ed-4e4d-8263-a0bbb47b2203,bcb6b6e0-1503-487a-a674-ef8196631fd8,True
2026-06-27 16:48:02,Republican Presidential Nominee 2028 - Ron DeSantis,myriad,polymarket,0.0103,0.023,1.2702,1,identity,0.01029807,0.01029807,0.023,0.024,28164973.77,14235763.95,2100-01-01 00:01:00+00:00,f5bee072-802a-426a-bb24-fe90a64c619f,9546e10b-9758-4101-9e84-85fffe2e643d,False
2026-06-27 16:48:02,World Cup Winner  - Will Germany win the 2026 FIFA World Cup?,polymarket,opinion,0.04,0.05,1.0,1,identity,0.039,0.04,0.05,0.06,51558361.05,9734661.4,2026-07-20 00:00:00+00:00,787ca888-fcbe-4169-8914-a32a912870fd,f69cd777-1d3b-47ea-870b-992045460b3f,False
2026-06-27 16:48:02,Republican Presidential Nominee 2028 - Donald Trump Jr,myriad,polymarket,0.01895,0.025,0.6051,1,identity,0.01894879,0.01894879,0.025,0.026,28164973.77,8894193.52,2100-01-01 00:01:00+00:00,357a00cc-7816-4d58-8d5d-c1e2cafc8463,4fef1385-e4e5-4091-891a-0ef1c15762bf,False
2026-06-27 16:48:02,World Cup Winner  - Will France win the 2026 FIFA World Cup?,polymarket,kalshi,0.23,0.236,0.6,1,identity,0.229,0.23,0.236,0.238,59222102.77,28136986.58,2026-07-20 00:00:00+00:00,34442783-2665-4a51-97ae-1fbe9c8d9bb1,5497c7f2-2c3d-4cd6-b845-45e7b37c1736,True
2026-06-27 16:48:02,Republican Presidential Nominee 2028 - Ivanka Trump,myriad,polymarket,0.00468,0.01,0.5324,1,identity,0.00467603,0.00467603,0.01,0.011,28164973.77,7946997.58,2100-01-01 00:01:00+00:00,322e9b4b-d19d-4709-87f8-00d63bed45b8,b5c90800-84f4-4655-8530-5241268f6948,False
2026-06-27 16:48:02,Republican Presidential Nominee 2028 - Glenn Youngkin,myriad,polymarket,0.00676,0.012,0.5238,1,identity,0.00676214,0.00676214,0.012,0.013,28164973.77,8078237.26,2100-01-01 00:01:00+00:00,90635c56-47ad-4aa5-a9f4-6e0f6da5e9d4,f5ffc59f-a722-4675-9237-3b1a317120f7,False
2026-06-27 16:48:02,Republican Presidential Nominee 2028 - Rand Paul,myriad,polymarket,0.00434,0.009,0.4658,1,identity,0.00434184,0.00434184,0.009,0.01,28164973.77,18943117.85,2100-01-01 00:01:00+00:00,79af93b0-413d-4012-beb5-4bcb3a043f6c,2d871045-5593-4fc4-8bd7-29c7b579f3ac,False
2026-06-27 16:48:02,Republican Presidential Nominee 2028 - Katie Britt,myriad,polymarket,0.00415,0.008,0.3853,1,identity,0.00414749,0.00414749,0.008,0.009,28164973.77,28396288.73,2100-01-01 00:01:00+00:00,dc45ffc8-cd6e-4976-aaed-1c0e0c12bdeb,ed1e00a3-93f9-42bf-9579-e218f3e2a3b8,False
2026-06-27 16:48:02,Republican Presidential Nominee 2028 - Kim Kardashian,myriad,polymarket,0.00426,0.008,0.3742,1,identity,0.00425832,0.00425832,0.008,0.009,28164973.77,27921270.07,2100-01-01 00:01:00+00:00,94d88697-bff1-4236-8c19-bd4705e5f203,876ac5d1-6f79-4844-94f3-7ab712c081f0,False
2026-06-27 16:48:02,Republican Presidential Nominee 2028 - Byron Donalds,myriad,polymarket,0.0035,0.007,0.3499,1,identity,0.00350135,0.00350135,0.007,0.008,28164973.77,43910452.07,2100-01-01 00:01:00+00:00,dd1d4f91-0e2a-43c5-87de-9cafa156fe86,4834b1e4-9acc-4a10-83f1-55fcf7cee974,False
2026-06-27 16:48:02,2026 FIFA World Cup Winner - Netherlands,opinion,kalshi,0.054,0.057,0.3,1,identity,0.039,0.054,0.057,0.058,34175341.94,26443162.27,2026-07-20 00:00:00+00:00,9a3e0027-8362-4f8f-b6ec-d1d85bf2a7bd,9ec4c7cd-6a44-4730-82bf-749c642127bd,False
2026-06-27 16:48:02,Republican Presidential Nominee 2028 - Erika Kirk,myriad,polymarket,0.00423,0.007,0.2767,1,identity,0.00423286,0.00423286,0.007,0.008,28164973.77,18126807.8,2100-01-01 00:01:00+00:00,4953f578-5357-4c4d-9770-94fca0be62a8,0dbeaed5-33a2-4e38-92e7-519dfda2c9b3,False
2026-06-27 16:48:02,Republican Presidential Nominee 2028 - Elon Musk,myriad,polymarket,0.00626,0.009,0.2737,1,identity,0.00626342,0.00626342,0.009,0.01,28164973.77,28355893.21,2100-01-01 00:01:00+00:00,0b082490-2549-4e6b-bec0-d2b1ef66f4f3,8ca00001-67eb-4a78-bda5-00472c883bed,False
2026-06-27 16:48:02,Republican Presidential Nominee 2028 - Josh Hawley,myriad,polymarket,0.00532,0.008,0.2681,1,identity,0.00531924,0.00531924,0.008,0.009,28164973.77,19798210.12,2100-01-01 00:01:00+00:00,ef874195-a416-4072-bbaa-c898d2304f87,2937a08d-6e9e-4c94-9144-cfe6ad0f2b18,False
2026-06-27 16:48:02,Republican Presidential Nominee 2028 - Josh Hawley,myriad,kalshi,0.00532,0.008,0.2681,1,identity,0.00531924,0.00531924,0.008,0.009,28164973.77,1280761.36,2100-01-01 00:01:00+00:00,ef874195-a416-4072-bbaa-c898d2304f87,147006b3-9b46-439e-a871-7f598a9aaa94,False
2026-06-27 16:48:02,Will Elise Stefanik be the nominee for the Presidency for the Republican party?,kalshi,myriad,0.002,0.00448,0.2481,1,identity,0.001,0.002,0.0044807,0.0044807,681004,28164973.77,2028-11-07 15:00:00+00:00,747a5ab5-d7c0-4a63-b560-ebab3e2029d0,5097a319-d4c0-43d9-8051-611ab79e9e24,False
2026-06-27 16:48:02,Republican Presidential Nominee 2028 - Tom Brady,myriad,polymarket,0.00602,0.008,0.1979,1,identity,0.00602103,0.00602103,0.008,0.009,28164973.77,32628240.58,2100-01-01 00:01:00+00:00,da90005c-1dad-420b-9953-10914b8951a3,ee01237b-9f83-49ca-9544-096dc77a32ff,False
2026-06-27 16:48:02,Republican Presidential Nominee 2028 - Matt Gaetz,myriad,polymarket,0.00522,0.007,0.1784,1,identity,0.00521572,0.00521572,0.007,0.008,28164973.77,19567719.65,2100-01-01 00:01:00+00:00,e3c94a65-324f-4a70-baeb-cddd359bfe2c,5cdcac5b-4170-43ae-84bf-6befcd238e5e,False
2026-06-27 16:48:02,Republican Presidential Nominee 2028 - John Thune,myriad,polymarket,0.00439,0.006,0.1614,1,identity,0.00438616,0.00438616,0.006,0.007,28164973.77,35099662.74,2100-01-01 00:01:00+00:00,ca22f9a0-212f-4f37-ac84-03e505d1f28c,099a36e8-4ca1-4d00-a968-53b63cda70e5,False
2026-06-27 16:48:02,Will Nikki Haley be the nominee for the Presidency for the Republican party?,kalshi,myriad,0.005,0.00659,0.159,1,identity,0.004,0.005,0.00659006,0.00659006,1747511.42,28164973.77,2028-11-07 15:00:00+00:00,1cc46cb0-7f19-40bb-9606-52c1b5c6e0be,66cee2f4-f1e4-4f20-bf2b-a3d381d14320,False
2026-06-27 16:48:02,Republican Presidential Nominee 2028 - Nikki Haley,myriad,polymarket,0.00659,0.008,0.141,1,identity,0.00659006,0.00659006,0.008,0.009,28164973.77,9946633.94,2100-01-01 00:01:00+00:00,66cee2f4-f1e4-4f20-bf2b-a3d381d14320,729d7246-428e-4b72-b25a-f61a270957d6,False
2026-06-27 16:48:02,Republican Presidential Nominee 2028 - Kristi Noem,myriad,polymarket,0.00575,0.006,0.0253,1,identity,0.00574716,0.00574716,0.006,0.007,28164973.77,34521980.48,2100-01-01 00:01:00+00:00,4b4e704e-9db5-4556-8824-7c1f79720463,ac0732ef-77dc-405f-ae81-7741d4bc0bc0,False
2026-06-27 16:48:02,Will Steve Bannon be the nominee for the Presidency for the Republican party?,kalshi,myriad,0.004,0.00425,0.0247,1,identity,0.003,0.004,0.00424662,0.00424662,733923.2,28164973.77,2028-11-07 15:00:00+00:00,694de439-e8fd-4ba0-bf0e-f52fd89138f9,dc76a798-48d6-445b-8329-439de810a264,False
